obs,action,reward,next_obs,done
"[-1.18, 0.49, -1.15, 0.79, 0.08, -1.52, 0.0, 0.0]",0,-1.03,"[-1.16, 0.48, -1.2, 0.78, 0.09, -1.51, 0.0, 0.0]",False
"[-1.14, 0.47, -1.25, 0.77, 0.07, -1.53, 0.0, 0.0]",3,-1.06,"[-1.12, 0.46, -1.3, 0.76, 0.06, -1.55, 0.0, 0.0]",False
"[-1.1, 0.45, -1.35, 0.75, 0.05, -1.57, 0.0, 0.0]",0,-1.08,"[-1.08, 0.44, -1.4, 0.74, 0.06, -1.56, 0.0, 0.0]",False
"[-1.06, 0.43, -1.45, 0.73, 0.04, -1.58, 0.0, 0.0]",3,-1.11,"[-1.04, 0.42, -1.5, 0.72, 0.03, -1.6, 0.0, 0.0]",False
"[-1.02, 0.41, -1.55, 0.71, 0.02, -1.62, 0.0, 0.0]",0,-1.13,"[-1.0, 0.4, -1.6, 0.7, 0.03, -1.61, 0.0, 0.0]",False
"[-1.2, 0.5, -1.1, 0.8, 0.1, -1.5, 0.0, 0.0]",1,-1.33,"[-1.18, 0.49, -1.15, 0.79, 0.08, -1.52, 0.0, 0.0]",False
"[-1.16, 0.48, -1.2, 0.78, 0.09, -1.51, 0.0, 0.0]",2,-1.33,"[-1.14, 0.47, -1.25, 0.77, 0.07, -1.53, 0.0, 0.0]",False
"[-1.12, 0.46, -1.3, 0.76, 0.06, -1.55, 0.0, 0.0]",1,-1.38,"[-1.1, 0.45, -1.35, 0.75, 0.05, -1.57, 0.0, 0.0]",False
"[-1.2, 0.8, 0.3, -1.5, 0.1, 0.05, 0.0, 0.0]",1,-1.4,"[-1.23, 0.78, 0.28, -1.52, 0.12, 0.07, 0.0, 0.0]",False
"[-1.08, 0.44, -1.4, 0.74, 0.06, -1.56, 0.0, 0.0]",2,-1.41,"[-1.06, 0.43, -1.45, 0.73, 0.04, -1.58, 0.0, 0.0]",False
"[-1.04, 0.42, -1.5, 0.72, 0.03, -1.6, 0.0, 0.0]",1,-1.44,"[-1.02, 0.41, -1.55, 0.71, 0.02, -1.62, 0.0, 0.0]",False
"[0.2, 2.0, 0.1, -1.4, 0.0, 0.0, 0.0, 0.0]",2,-1.5,"[0.18, 1.94, 0.09, -1.45, 0.02, 0.05, 0.0, 0.0]",False
"[0.8, 1.5, 0.4, -1.5, 0.9, 0.5, 0.0, 0.0]",0,-1.8,"[0.82, 1.44, 0.39, -1.55, 0.91, 0.52, 0.0, 0.0]",False
"[1.5, 0.9, 0.8, -1.6, -1.8, -2.5, 0.0, 0.0]",0,-1.9,"[1.52, 0.85, 0.82, -1.62, -1.8, -2.5, 0.0, 0.0]",False
"[1.1, 0.6, 1.2, -2.5, 4.0, 1.0, 0.0, 0.0]",1,-2.0,"[1.13, 0.58, 1.18, -2.52, 4.05, 1.02, 0.0, 0.0]",False
"[-1.5, 1.3, 0.8, -2.2, 3.0, 0.9, 0.0, 0.0]",2,-2.1,"[-1.52, 1.28, 0.82, -2.24, 3.05, 0.92, 0.0, 0.0]",False
"[-1.2, 1.8, 0.3, -1.2, 0.15, 0.08, 0.0, 0.0]",2,-2.1,"[-1.18, 1.74, 0.28, -1.25, 0.16, 0.12, 0.0, 0.0]",False
"[-1.0, 1.9, 0.6, -1.1, -2.0, -1.0, 0.0, 0.0]",3,-2.4,"[-1.02, 1.84, 0.58, -1.15, -1.98, -1.05, 0.0, 0.0]",False
"[0.67, 1.12, 0.89, -2.67, 1.23, -1.45, 0.0, 0.0]",3,-2.5,"[0.65, 1.09, 0.71, -2.71, 1.18, -1.39, 0.0, 0.0]",False
"[0.9, 1.4, 1.5, -1.4, -2.0, -1.5, 0.0, 0.0]",1,-2.6,"[0.92, 1.38, 1.48, -1.42, -1.95, -1.52, 0.0, 0.0]",False
"[1.3, 1.6, -1.8, -1.2, 1.5, 1.8, 0.0, 0.0]",1,-2.7,"[1.28, 1.54, -1.76, -1.25, 1.52, 1.82, 0.0, 0.0]",False
"[0.8, 1.2, 0.2, -1.5, 0.6, 0.12, 0.0, 0.0]",0,-2.8,"[0.82, 1.18, 0.18, -1.53, 0.6, 0.13, 0.0, 0.0]",False
"[-1.2, 1.1, 0.05, -1.8, 0.1, 0.02, 0.0, 0.0]",1,-2.8,"[-1.25, 1.05, -1.85, -1.82, 0.12, 0.05, 0.0, 0.0]",False
"[0.8, 1.4, 0.9, -1.8, -5.0, 0.2, 0.0, 0.0]",3,-2.8,"[0.82, 1.38, 0.92, -1.82, -4.8, 0.22, 0.0, 0.0]",False
"[-2.1, 2.8, -1.1, -1.9, 0.45, 0.23, 0.0, 0.0]",2,-2.8,"[-2.08, 2.76, -1.28, -1.92, 0.42, 0.19, 0.0, 0.0]",False
"[1.8, 0.9, -1.2, -1.8, -8.0, -1.2, 0.0, 0.0]",0,-2.9,"[1.82, 0.88, -1.18, -1.82, -7.98, -1.19, 0.0, 0.0]",False
"[0.9, 2.3, 1.2, -1.7, -1.1, -1.4, 0.0, 0.0]",2,-2.9,"[0.88, 2.24, 1.18, -1.75, -1.09, -1.38, 0.0, 0.0]",False
"[1.1, 1.1, 0.2, -1.7, -2.8, -1.5, 0.0, 0.0]",2,-2.9,"[1.08, 1.05, 0.18, -1.72, -2.82, -1.52, 0.0, 0.0]",False
"[-1.0, 1.7, 1.2, -1.0, 0.2, 0.03, 0.0, 0.0]",2,-3.0,"[-1.02, 1.68, 1.18, -1.03, 0.21, 0.06, 0.0, 0.0]",False
"[-2.0, 2.2, -1.5, -1.8, 0.5, 0.2, 0.0, 0.0]",0,-3.0,"[-2.02, 2.14, -1.52, -1.85, 0.51, 0.18, 0.0, 0.0]",False
"[-2.89, 2.67, -2.56, -1.12, -1.45, 2.34, 0.0, 0.0]",1,-3.0,"[-2.91, 2.64, -2.74, -1.15, -1.5, 2.4, 0.0, 0.0]",False
"[-1.78, 2.12, 0.45, -2.89, 0.23, -1.56, 0.0, 0.0]",0,-3.1,"[-1.8, 2.09, 0.23, -2.92, 0.26, -1.6, 0.0, 0.0]",False
"[-1.8, 1.2, -1.0, -1.7, -10.0, -2.2, 0.0, 0.0]",2,-3.2,"[-1.82, 1.18, -1.02, -1.72, -10.05, -2.22, 0.0, 0.0]",False
"[-1.2, 1.5, 0.8, -1.2, 0.3, 0.05, 0.0, 0.0]",2,-3.2,"[-1.18, 1.48, 0.76, -1.25, 0.31, 0.08, 0.0, 0.0]",False
"[-1.5, 2.4, 1.0, -1.3, -1.5, -1.2, 0.0, 0.0]",3,-3.2,"[-1.52, 2.34, 0.98, -1.35, -1.48, -1.15, 0.0, 0.0]",False
"[-2.1, 1.4, 1.2, -1.0, 2.5, 0.8, 0.0, 0.0]",3,-3.2,"[-2.05, 1.38, 1.18, -1.02, 2.55, 0.82, 0.0, 0.0]",False
"[-1.2, 1.8, 0.3, -1.5, -15.0, 0.5, 0.0, 0.0]",1,-3.2,"[-1.25, 1.78, 0.28, -1.52, -15.5, 0.48, 0.0, 0.0]",False
"[-1.23, 1.45, 0.12, -2.34, -1.56, 0.89, 0.0, 0.0]",1,-3.2,"[-1.25, 1.43, -1.42, -2.38, -1.61, 0.95, 0.0, 0.0]",False
"[3.21, 1.67, 1.89, -1.78, 2.45, -1.23, 0.0, 0.0]",2,-3.4,"[3.23, 1.64, 1.71, -1.81, 2.4, -1.17, 0.0, 0.0]",False
"[-1.2, 1.8, 0.3, -1.2, 0.15, 0.08, 0.0, 0.0]",2,-3.5,"[-1.18, 1.75, 0.29, -1.25, 0.16, 0.09, 0.0, 0.0]",False
"[-1.8, 1.4, 0.6, -1.6, 0.8, 0.15, 0.0, 0.0]",0,-3.5,"[-1.82, 1.38, 0.62, -1.63, 0.8, 0.16, 0.0, 0.0]",False
"[0.5, 2.1, -1.1, -1.0, -1.2, -1.8, 0.0, 0.0]",1,-3.5,"[0.48, 2.04, -1.08, -1.05, -1.18, -1.75, 0.0, 0.0]",False
"[1.4, 1.9, 0.8, -1.0, 0.8, -1.1, 0.0, 0.0]",0,-3.8,"[1.4, 1.85, 0.79, -1.05, 0.8, -1.1, 0.0, 0.0]",False
"[1.1, 1.9, 0.9, -1.2, -1.1, -1.1, 0.0, 0.0]",1,-3.8,"[1.08, 1.88, 0.94, -1.23, -1.12, -1.14, 0.0, 0.0]",False
"[1.1, 1.7, -2.0, -1.6, 1.0, 1.5, 0.0, 0.0]",1,-3.8,"[1.08, 1.64, -1.98, -1.65, 1.02, 1.48, 0.0, 0.0]",False
"[-1.5, 1.0, 0.9, -1.4, -3.2, -1.8, 0.0, 0.0]",3,-3.8,"[-1.45, 0.95, 0.87, -1.42, -3.25, -1.82, 0.0, 0.0]",False
"[1.89, 2.34, -2.12, -1.45, -2.34, 1.23, 0.0, 0.0]",2,-3.8,"[1.91, 2.31, -1.94, -1.48, -2.31, 1.17, 0.0, 0.0]",False
"[0.9, 1.7, -2.5, -1.4, 5.0, 1.6, 0.0, 0.0]",2,-3.9,"[0.92, 1.68, -2.48, -1.42, 5.2, 1.58, 0.0, 0.0]",False
"[2.56, 3.45, -1.23, 0.12, 1.67, 0.34, 0.0, 0.0]",3,-3.9,"[2.54, 3.42, -1.41, 0.09, 1.62, 0.3, 0.0, 0.0]",False
"[1.45, -1.67, 2.34, -1.23, 0.89, -3.14, 0.0, 0.0]",1,-3.9,"[1.43, -1.65, 2.3, -1.26, 0.91, -3.18, 0.0, 0.0]",False
"[0.125, 0.461, -1.18, -1.01, 0.31, -1.21, 0.0, 0.0]",2,-2.5,"[0.123, 0.458, -1.22, -1.04, 0.29, -1.25, 0.0, 0.0]",False
"[0.123, 0.458, -1.22, -1.04, 0.29, -1.25, 0.0, 0.0]",3,-2.5,"[0.121, 0.455, -1.19, -1.07, 0.27, -1.28, 0.0, 0.0]",False
"[0.121, 0.455, -1.19, -1.07, 0.27, -1.28, 0.0, 0.0]",3,-2.6,"[0.119, 0.452, -1.16, -1.1, 0.25, -1.31, 0.0, 0.0]",False
"[0.119, 0.452, -1.16, -1.1, 0.25, -1.31, 0.0, 0.0]",2,-2.6,"[0.117, 0.449, -1.2, -1.13, 0.23, -1.35, 0.0, 0.0]",False
"[0.117, 0.449, -1.2, -1.13, 0.23, -1.35, 0.0, 0.0]",1,-2.6,"[0.115, 0.446, -1.24, -1.16, 0.21, -1.39, 0.0, 0.0]",False
"[0.125, 0.463, -0.141, -0.084, -3.94, -0.515, 0.0, 0.0]",2,-2.7,"[0.124, 0.461, -0.139, -0.078, -4.19, -0.527, 0.0, 0.0]",False
"[0.115, 0.446, -1.24, -1.16, 0.21, -1.39, 0.0, 0.0]",0,-2.7,"[0.113, 0.443, -1.24, -1.19, 0.19, -1.43, 0.0, 0.0]",False
"[0.113, 0.443, -1.24, -1.19, 0.19, -1.43, 0.0, 0.0]",2,-2.7,"[0.111, 0.44, -1.28, -1.22, 0.17, -1.47, 0.0, 0.0]",False
"[0.124, 0.461, -0.139, -0.078, -4.19, -0.527, 0.0, 0.0]",3,-2.8,"[0.122, 0.459, -0.127, -0.102, -4.43, -0.559, 0.0, 0.0]",False
"[0.111, 0.44, -1.28, -1.22, 0.17, -1.47, 0.0, 0.0]",3,-2.8,"[0.109, 0.437, -1.25, -1.25, 0.15, -1.5, 0.0, 0.0]",False
"[0.109, 0.437, -1.25, -1.25, 0.15, -1.5, 0.0, 0.0]",2,-2.8,"[0.107, 0.434, -1.29, -1.28, 0.13, -1.54, 0.0, 0.0]",False
"[0.125, 0.463, -0.141, -0.084, -0.394, -0.515, 0.0, 0.0]",1,-2.8,"[0.123, 0.461, -0.148, -0.105, -0.419, -0.478, 0.0, 0.0]",False
"[0.122, 0.459, -0.127, -0.102, -4.43, -0.559, 0.0, 0.0]",1,-2.9,"[0.121, 0.457, -0.137, -0.081, -4.67, -0.518, 0.0, 0.0]",False
"[0.107, 0.434, -1.29, -1.28, 0.13, -1.54, 0.0, 0.0]",1,-2.9,"[0.105, 0.431, -1.33, -1.31, 0.11, -1.58, 0.0, 0.0]",False
"[0.121, 0.457, -0.137, -0.081, -4.67, -0.518, 0.0, 0.0]",3,-3.0,"[0.119, 0.455, -0.124, -0.105, -4.91, -0.55, 0.0, 0.0]",False
"[0.119, 0.455, -0.124, -0.105, -4.91, -0.55, 0.0, 0.0]",2,-3.1,"[0.118, 0.453, -0.143, -0.093, -5.14, -0.562, 0.0, 0.0]",False
"[0.123, 0.461, -0.148, -0.105, -0.419, -0.478, 0.0, 0.0]",2,-3.1,"[0.121, 0.459, -0.152, -0.098, -0.443, -0.502, 0.0, 0.0]",False
"[0.118, 0.453, -0.143, -0.093, -5.14, -0.562, 0.0, 0.0]",0,-3.2,"[0.116, 0.451, -0.143, -0.119, -5.37, -0.562, 0.0, 0.0]",False
"[0.116, 0.451, -0.143, -0.119, -5.37, -0.562, 0.0, 0.0]",2,-3.3,"[0.115, 0.449, -0.13, -0.107, -5.6, -0.573, 0.0, 0.0]",False
"[0.115, 0.449, -0.13, -0.107, -5.6, -0.573, 0.0, 0.0]",1,-3.4,"[0.113, 0.447, -0.14, -0.094, -5.84, -0.532, 0.0, 0.0]",False
"[0.121, 0.459, -0.152, -0.098, -0.443, -0.502, 0.0, 0.0]",3,-3.4,"[0.119, 0.457, -0.145, -0.118, -0.466, -0.538, 0.0, 0.0]",False
"[0.113, 0.447, -0.14, -0.094, -5.84, -0.532, 0.0, 0.0]",3,-3.5,"[0.112, 0.445, -0.127, -0.117, -6.07, -0.564, 0.0, 0.0]",False
"[0.112, 0.445, -0.127, -0.117, -6.07, -0.564, 0.0, 0.0]",2,-3.6,"[0.11, 0.443, -0.146, -0.104, -6.3, -0.576, 0.0, 0.0]",False
"[0.119, 0.457, -0.145, -0.118, -0.466, -0.538, 0.0, 0.0]",2,-3.7,"[0.117, 0.455, -0.159, -0.102, -0.489, -0.511, 0.0, 0.0]",False
"[0.117, 0.455, -0.159, -0.102, -0.489, -0.511, 0.0, 0.0]",1,-4.0,"[0.115, 0.453, -0.166, -0.127, -0.513, -0.469, 0.0, 0.0]",False
"[0.115, 0.453, -0.166, -0.127, -0.513, -0.469, 0.0, 0.0]",0,-4.0,"[0.113, 0.451, -0.166, -0.127, -0.513, -0.469, 0.0, 0.0]",False
"[0.113, 0.451, -0.166, -0.127, -0.513, -0.469, 0.0, 0.0]",2,-4.3,"[0.111, 0.449, -0.17, -0.111, -0.536, -0.493, 0.0, 0.0]",False
"[0.111, 0.449, -0.17, -0.111, -0.536, -0.493, 0.0, 0.0]",3,-4.6,"[0.109, 0.447, -0.163, -0.134, -0.559, -0.529, 0.0, 0.0]",False
"[0.109, 0.447, -0.163, -0.134, -0.559, -0.529, 0.0, 0.0]",2,-4.9,"[0.107, 0.445, -0.177, -0.118, -0.582, -0.502, 0.0, 0.0]",False
"[0.125, 0.463, -0.141, -0.084, -0.394, -0.515, 0.0, 0.0]",1,-5.2,"[0.123, 0.461, -0.15, -0.109, -0.419, -0.478, 0.0, 0.0]",False
"[0.107, 0.445, -0.177, -0.118, -0.582, -0.502, 0.0, 0.0]",1,-5.2,"[0.105, 0.443, -0.184, -0.143, -0.606, -0.46, 0.0, 0.0]",False
"[0.123, 0.461, -0.15, -0.109, -0.419, -0.478, 0.0, 0.0]",2,-5.3,"[0.121, 0.459, -0.158, -0.107, -0.443, -0.492, 0.0, 0.0]",False
"[0.121, 0.459, -0.158, -0.107, -0.443, -0.492, 0.0, 0.0]",3,-5.4,"[0.119, 0.457, -0.146, -0.131, -0.466, -0.539, 0.0, 0.0]",False
"[0.119, 0.457, -0.146, -0.131, -0.466, -0.539, 0.0, 0.0]",2,-5.4,"[0.117, 0.455, -0.165, -0.129, -0.489, -0.553, 0.0, 0.0]",False
"[0.117, 0.455, -0.165, -0.129, -0.489, -0.553, 0.0, 0.0]",3,-5.5,"[0.115, 0.453, -0.153, -0.153, -0.512, -0.6, 0.0, 0.0]",False
"[0.115, 0.453, -0.153, -0.153, -0.512, -0.6, 0.0, 0.0]",1,-5.6,"[0.113, 0.451, -0.162, -0.178, -0.537, -0.563, 0.0, 0.0]",False
"[0.113, 0.451, -0.162, -0.178, -0.537, -0.563, 0.0, 0.0]",2,-5.6,"[0.111, 0.449, -0.171, -0.176, -0.561, -0.577, 0.0, 0.0]",False
"[0.111, 0.449, -0.171, -0.176, -0.561, -0.577, 0.0, 0.0]",0,-5.7,"[0.109, 0.447, -0.171, -0.201, -0.585, -0.577, 0.0, 0.0]",False
"[0.109, 0.447, -0.171, -0.201, -0.585, -0.577, 0.0, 0.0]",3,-5.8,"[0.107, 0.445, -0.159, -0.225, -0.608, -0.624, 0.0, 0.0]",False
"[0.107, 0.445, -0.159, -0.225, -0.608, -0.624, 0.0, 0.0]",2,-5.8,"[0.105, 0.443, -0.178, -0.223, -0.632, -0.638, 0.0, 0.0]",False
"[0.125, 0.463, -1.141, -8.084, -3.394, -5.15, 0.0, 0.0]",2,-10.5,"[0.123, 0.46, -1.148, -8.112, -3.419, -5.182, 0.0, 0.0]",False
"[0.123, 0.46, -1.148, -8.112, -3.419, -5.182, 0.0, 0.0]",1,-10.5,"[0.121, 0.457, -1.135, -8.14, -3.444, -5.21, 0.0, 0.0]",False
"[0.121, 0.457, -1.135, -8.14, -3.444, -5.21, 0.0, 0.0]",1,-10.5,"[0.119, 0.454, -1.122, -8.168, -3.469, -5.238, 0.0, 0.0]",False
"[0.119, 0.454, -1.122, -8.168, -3.469, -5.238, 0.0, 0.0]",0,-10.5,"[0.117, 0.451, -1.109, -8.196, -3.494, -5.266, 0.0, 0.0]",False
"[0.117, 0.451, -1.109, -8.196, -3.494, -5.266, 0.0, 0.0]",3,-10.5,"[0.115, 0.448, -1.122, -8.224, -3.519, -5.294, 0.0, 0.0]",False
"[0.115, 0.448, -1.122, -8.224, -3.519, -5.294, 0.0, 0.0]",2,-10.5,"[0.113, 0.445, -1.135, -8.252, -3.544, -5.322, 0.0, 0.0]",False
"[0.113, 0.445, -1.135, -8.252, -3.544, -5.322, 0.0, 0.0]",3,-10.5,"[0.111, 0.442, -1.148, -8.28, -3.569, -5.35, 0.0, 0.0]",False
"[0.111, 0.442, -1.148, -8.28, -3.569, -5.35, 0.0, 0.0]",1,-10.5,"[0.109, 0.439, -1.135, -8.308, -3.594, -5.378, 0.0, 0.0]",False
"[0.109, 0.439, -1.135, -8.308, -3.594, -5.378, 0.0, 0.0]",0,-10.5,"[0.107, 0.436, -1.122, -8.336, -3.619, -5.406, 0.0, 0.0]",False
"[0.107, 0.436, -1.122, -8.336, -3.619, -5.406, 0.0, 0.0]",2,-10.5,"[0.105, 0.433, -1.135, -8.364, -3.644, -5.434, 0.0, 0.0]",False
"[0.352, 1.166, -1.1, -1.2, 0.6, -1.0, 0.0, 0.0]",3,-1.2,"[0.35, 1.164, -1.09, -1.21, 0.61, -1.05, 0.0, 0.0]",False
"[0.347, 1.16, -1.14, -1.18, 0.62, -1.02, 0.0, 0.0]",3,-1.2,"[0.344, 1.156, -1.13, -1.2, 0.63, -1.07, 0.0, 0.0]",False
"[0.35, 1.164, -1.09, -1.21, 0.61, -1.05, 0.0, 0.0]",2,-1.3,"[0.347, 1.16, -1.14, -1.18, 0.62, -1.02, 0.0, 0.0]",False
"[0.342, 1.153, -1.18, -1.22, 0.64, -1.1, 0.0, 0.0]",2,-1.3,"[0.338, 1.149, -1.23, -1.19, 0.65, -1.08, 0.0, 0.0]",False
"[0.338, 1.149, -1.23, -1.19, 0.65, -1.08, 0.0, 0.0]",3,-1.3,"[0.335, 1.145, -1.22, -1.21, 0.66, -1.11, 0.0, 0.0]",False
"[0.344, 1.156, -1.13, -1.2, 0.63, -1.07, 0.0, 0.0]",1,-1.4,"[0.342, 1.153, -1.18, -1.22, 0.64, -1.1, 0.0, 0.0]",False
"[0.335, 1.145, -1.22, -1.21, 0.66, -1.11, 0.0, 0.0]",2,-1.4,"[0.331, 1.141, -1.27, -1.18, 0.67, -1.09, 0.0, 0.0]",False
"[0.328, 1.137, -1.32, -1.2, 0.68, -1.12, 0.0, 0.0]",3,-1.4,"[0.325, 1.133, -1.31, -1.22, 0.69, -1.15, 0.0, 0.0]",False
"[0.331, 1.141, -1.27, -1.18, 0.67, -1.09, 0.0, 0.0]",1,-1.5,"[0.328, 1.137, -1.32, -1.2, 0.68, -1.12, 0.0, 0.0]",False
"[0.325, 1.133, -1.31, -1.22, 0.69, -1.15, 0.0, 0.0]",2,-1.5,"[0.321, 1.129, -1.36, -1.19, 0.7, -1.13, 0.0, 0.0]",False
"[0.352, 1.166, -1.04, -1.2, 0.63, -1.5, 0.0, 0.0]",2,-2.1,"[0.348, 1.163, -1.08, -1.19, 0.62, -1.48, 0.0, 0.0]",False
"[0.348, 1.163, -1.08, -1.19, 0.62, -1.48, 0.0, 0.0]",3,-2.1,"[0.345, 1.16, -1.07, -1.21, 0.61, -1.52, 0.0, 0.0]",False
"[0.345, 1.16, -1.07, -1.21, 0.61, -1.52, 0.0, 0.0]",2,-2.1,"[0.341, 1.157, -1.11, -1.2, 0.6, -1.49, 0.0, 0.0]",False
"[0.341, 1.157, -1.11, -1.2, 0.6, -1.49, 0.0, 0.0]",3,-2.1,"[0.338, 1.154, -1.1, -1.22, 0.59, -1.53, 0.0, 0.0]",False
"[0.338, 1.154, -1.1, -1.22, 0.59, -1.53, 0.0, 0.0]",2,-2.1,"[0.334, 1.151, -1.14, -1.21, 0.58, -1.5, 0.0, 0.0]",False
"[0.334, 1.151, -1.14, -1.21, 0.58, -1.5, 0.0, 0.0]",3,-2.1,"[0.331, 1.148, -1.13, -1.23, 0.57, -1.54, 0.0, 0.0]",False
"[0.331, 1.148, -1.13, -1.23, 0.57, -1.54, 0.0, 0.0]",2,-2.1,"[0.327, 1.145, -1.17, -1.22, 0.56, -1.51, 0.0, 0.0]",False
"[0.327, 1.145, -1.17, -1.22, 0.56, -1.51, 0.0, 0.0]",3,-2.1,"[0.324, 1.142, -1.16, -1.24, 0.55, -1.55, 0.0, 0.0]",False
"[0.324, 1.142, -1.16, -1.24, 0.55, -1.55, 0.0, 0.0]",2,-2.1,"[0.32, 1.139, -1.2, -1.23, 0.54, -1.52, 0.0, 0.0]",False
"[0.32, 1.139, -1.2, -1.23, 0.54, -1.52, 0.0, 0.0]",3,-2.1,"[0.317, 1.136, -1.19, -1.25, 0.53, -1.56, 0.0, 0.0]",False
"[0.352, 1.166, -1.715, -1.86, 0.659, -5.25, 0.0, 0.0]",3,-2.1,"[0.348, 1.162, -1.708, -1.882, 0.643, -5.297, 0.0, 0.0]",False
"[0.348, 1.162, -1.708, -1.882, 0.643, -5.297, 0.0, 0.0]",2,-2.2,"[0.342, 1.157, -1.752, -1.873, 0.626, -5.28, 0.0, 0.0]",False
"[0.342, 1.157, -1.752, -1.873, 0.626, -5.28, 0.0, 0.0]",3,-2.3,"[0.338, 1.152, -1.745, -1.895, 0.609, -5.327, 0.0, 0.0]",False
"[0.333, 1.147, -1.738, -1.917, 0.592, -5.374, 0.0, 0.0]",2,-2.3,"[0.327, 1.142, -1.782, -1.908, 0.575, -5.357, 0.0, 0.0]",False
"[0.338, 1.152, -1.745, -1.895, 0.609, -5.327, 0.0, 0.0]",3,-2.4,"[0.333, 1.147, -1.738, -1.917, 0.592, -5.374, 0.0, 0.0]",False
"[0.327, 1.142, -1.782, -1.908, 0.575, -5.357, 0.0, 0.0]",2,-2.4,"[0.321, 1.137, -1.827, -1.899, 0.558, -5.34, 0.0, 0.0]",False
"[0.321, 1.137, -1.827, -1.899, 0.558, -5.34, 0.0, 0.0]",3,-2.5,"[0.316, 1.132, -1.82, -1.921, 0.541, -5.387, 0.0, 0.0]",False
"[0.316, 1.132, -1.82, -1.921, 0.541, -5.387, 0.0, 0.0]",2,-2.5,"[0.31, 1.127, -1.865, -1.912, 0.524, -5.37, 0.0, 0.0]",False
"[0.352, 1.166, -1.715, -1.86, 0.659, -5.25, 0.0, 0.0]",2,-2.5,"[0.348, 1.163, -1.746, -1.854, 0.651, -5.298, 0.0, 0.0]",False
"[0.348, 1.163, -1.746, -1.854, 0.651, -5.298, 0.0, 0.0]",3,-2.5,"[0.345, 1.161, -1.74, -1.876, 0.641, -5.342, 0.0, 0.0]",False
"[0.31, 1.127, -1.865, -1.912, 0.524, -5.37, 0.0, 0.0]",3,-2.6,"[0.305, 1.122, -1.858, -1.934, 0.507, -5.417, 0.0, 0.0]",False
"[0.345, 1.161, -1.74, -1.876, 0.641, -5.342, 0.0, 0.0]",3,-2.6,"[0.342, 1.158, -1.735, -1.898, 0.631, -5.385, 0.0, 0.0]",False
"[0.342, 1.158, -1.735, -1.898, 0.631, -5.385, 0.0, 0.0]",2,-2.6,"[0.338, 1.155, -1.766, -1.892, 0.623, -5.433, 0.0, 0.0]",False
"[0.305, 1.122, -1.858, -1.934, 0.507, -5.417, 0.0, 0.0]",3,-2.7,"[0.3, 1.117, -1.851, -1.956, 0.49, -5.464, 0.0, 0.0]",False
"[0.338, 1.155, -1.766, -1.892, 0.623, -5.433, 0.0, 0.0]",3,-2.7,"[0.335, 1.152, -1.761, -1.914, 0.613, -5.476, 0.0, 0.0]",False
"[0.335, 1.152, -1.761, -1.914, 0.613, -5.476, 0.0, 0.0]",2,-2.7,"[0.331, 1.149, -1.792, -1.908, 0.605, -5.524, 0.0, 0.0]",False
"[0.331, 1.149, -1.792, -1.908, 0.605, -5.524, 0.0, 0.0]",3,-2.8,"[0.328, 1.146, -1.787, -1.93, 0.595, -5.567, 0.0, 0.0]",False
"[0.328, 1.146, -1.787, -1.93, 0.595, -5.567, 0.0, 0.0]",3,-2.8,"[0.325, 1.143, -1.782, -1.952, 0.585, -5.61, 0.0, 0.0]",False
"[0.352, 1.166, -1.715, -1.186, 0.659, -5.25, 0.0, 0.0]",3,-2.8,"[0.345, 1.161, -1.707, -1.208, 0.64, -5.75, 0.0, 0.0]",False
"[0.325, 1.143, -1.782, -1.952, 0.585, -5.61, 0.0, 0.0]",2,-2.9,"[0.321, 1.14, -1.813, -1.946, 0.577, -5.658, 0.0, 0.0]",False
"[0.321, 1.14, -1.813, -1.946, 0.577, -5.658, 0.0, 0.0]",3,-2.9,"[0.318, 1.137, -1.808, -1.968, 0.567, -5.701, 0.0, 0.0]",False
"[0.345, 1.161, -1.707, -1.208, 0.64, -5.75, 0.0, 0.0]",2,-2.9,"[0.337, 1.156, -1.752, -1.199, 0.621, -5.72, 0.0, 0.0]",False
"[0.337, 1.156, -1.752, -1.199, 0.621, -5.72, 0.0, 0.0]",3,-2.9,"[0.328, 1.15, -1.743, -1.221, 0.601, -6.17, 0.0, 0.0]",False
"[0.328, 1.15, -1.743, -1.221, 0.601, -6.17, 0.0, 0.0]",3,-3.0,"[0.319, 1.144, -1.735, -1.243, 0.58, -6.62, 0.0, 0.0]",False
"[0.319, 1.144, -1.735, -1.243, 0.58, -6.62, 0.0, 0.0]",2,-3.0,"[0.31, 1.138, -1.78, -1.234, 0.56, -6.59, 0.0, 0.0]",False
"[0.31, 1.138, -1.78, -1.234, 0.56, -6.59, 0.0, 0.0]",3,-3.0,"[0.3, 1.131, -1.771, -1.256, 0.538, -7.04, 0.0, 0.0]",False
"[0.3, 1.131, -1.771, -1.256, 0.538, -7.04, 0.0, 0.0]",2,-3.1,"[0.29, 1.124, -1.817, -1.247, 0.517, -6.99, 0.0, 0.0]",False
"[0.29, 1.124, -1.817, -1.247, 0.517, -6.99, 0.0, 0.0]",3,-3.1,"[0.279, 1.117, -1.808, -1.269, 0.494, -7.44, 0.0, 0.0]",False
"[0.279, 1.117, -1.808, -1.269, 0.494, -7.44, 0.0, 0.0]",3,-3.2,"[0.268, 1.109, -1.799, -1.291, 0.471, -7.89, 0.0, 0.0]",False
"[0.268, 1.109, -1.799, -1.291, 0.471, -7.89, 0.0, 0.0]",2,-3.2,"[0.257, 1.101, -1.845, -1.282, 0.448, -7.84, 0.0, 0.0]",False
"[0.556, 0.036, 1.25, -1.769, -1.038, 0.333, 0.0, 1.0]",2,2.8,"[0.568, 0.018, 1.28, -1.73, -1.013, 0.31, 0.0, 1.0]",False
"[-1.001, 1.371, -1.014, -1.167, 0.007, 0.025, 0.0, 0.0]",2,2.1,"[-1.001, 1.365, 0.002, -1.108, 0.011, 0.042, 0.0, 0.0]",False
"[-1.001, 1.365, 0.002, -1.108, 0.011, 0.042, 0.0, 0.0]",1,1.9,"[-1.002, 1.363, -1.015, -1.089, 0.013, 0.026, 0.0, 0.0]",False
"[-1.002, 1.363, -1.015, -1.089, 0.013, 0.026, 0.0, 0.0]",2,1.8,"[-1.002, 1.362, -1.03, -1.061, 0.013, 0.013, 0.0, 0.0]",False
"[-1.002, 1.362, -1.03, -1.061, 0.013, 0.013, 0.0, 0.0]",1,1.7,"[-1.003, 1.36, -1.03, -1.087, 0.014, 0.013, 0.0, 0.0]",False
"[-1.003, 1.36, -1.03, -1.087, 0.014, 0.013, 0.0, 0.0]",2,1.6,"[-1.003, 1.358, -1.014, -1.09, 0.015, 0.028, 0.0, 0.0]",False
"[0.435, 0.244, 0.997, -1.047, -0.533, 1.1, 0.0, 0.0]",2,-1.2,"[0.448, 0.218, 1.022, -1.032, -0.482, 1.095, 0.0, 0.0]",False
"[0.492, 0.131, 1.152, -1.009, -1.258, 1.088, 0.0, 0.0]",2,-1.2,"[0.505, 0.111, 1.188, -1.009, -1.203, 1.099, 0.0, 0.0]",False
"[0.435, 0.244, 0.997, -1.047, -1.533, 1.1, 0.0, 0.0]",2,-1.2,"[0.446, 0.22, 1.027, -1.026, -1.478, 1.089, 0.0, 0.0]",False
"[0.446, 0.22, 1.027, -1.026, -0.478, 1.089, 0.0, 0.0]",2,-1.3,"[0.459, 0.195, 1.082, -1.008, -0.419, 1.102, 0.0, 0.0]",False
"[0.505, 0.111, 1.188, -1.009, -1.203, 1.099, 0.0, 0.0]",3,-1.3,"[0.517, 0.091, 1.211, -1.009, -1.158, 1.113, 0.0, 0.0]",False
"[0.446, 0.22, 1.027, -1.026, -1.478, 1.089, 0.0, 0.0]",2,-1.3,"[0.457, 0.197, 1.057, -1.013, -1.423, 1.106, 0.0, 0.0]",False
"[0.457, 0.197, 1.077, -1.013, -0.423, 1.106, 0.0, 0.0]",1,-1.4,"[0.464, 0.18, 1.092, -1.005, -0.415, 1.098, 0.0, 0.0]",False
"[0.517, 0.091, 1.211, -1.009, -1.158, 1.113, 0.0, 0.0]",3,-1.4,"[0.53, 0.071, 1.24, -1.009, -1.113, 1.128, 0.0, 1.0]",False
"[0.457, 0.197, 1.057, -1.013, -1.423, 1.106, 0.0, 0.0]",1,-1.4,"[0.468, 0.174, 1.106, -1.011, -1.468, 1.102, 0.0, 1.0]",False
"[0.468, 0.174, 1.106, -0.991, -0.368, 1.102, 0.0, 0.0]",3,-1.5,"[0.482, 0.158, 1.125, -0.98, -0.36, 1.115, 0.0, 0.0]",False
"[0.53, 0.071, 1.24, -1.009, -1.113, 1.128, 0.0, 1.0]",3,-1.5,"[0.543, 0.053, 1.247, -1.009, -1.068, 0.727, 0.0, 1.0]",False
"[0.468, 0.174, 1.106, -1.011, -1.468, 1.102, 0.0, 1.0]",2,-1.5,"[0.48, 0.152, 1.132, -1.008, -1.513, 1.099, 0.0, 1.0]",False
"[0.1, 0.9, 0.8, -1.5, 0.3, 1.2, 0.0, 0.0]",0,-1.5,"[0.11, 0.88, 0.78, -1.52, 0.31, 1.18, 0.0, 0.0]",False
"[0.48, 0.152, 1.132, -0.968, -0.313, 1.099, 0.0, 0.0]",2,-1.6,"[0.494, 0.134, 1.159, -0.94, -0.265, 1.092, 0.0, 0.0]",False
"[0.543, 0.053, 1.247, -1.009, -1.068, 0.727, 0.0, 1.0]",0,-1.6,"[0.556, 0.036, 1.25, -1.009, -1.068, 0.333, 0.0, 1.0]",False
"[0.48, 0.152, 1.132, -1.008, -1.513, 1.099, 0.0, 1.0]",3,-1.6,"[0.492, 0.131, 1.152, -1.002, -1.458, 1.088, 0.0, 1.0]",False
"[0.527, 0.067, 1.221, -1.002, -1.193, 0.731, 0.0, 1.0]",3,-1.6,"[0.539, 0.047, 1.224, -1.011, -1.148, 0.339, 0.0, 1.0]",False
"[0.492, 0.131, 1.152, -0.929, -0.258, 1.088, 0.0, 0.0]",0,-1.7,"[0.499, 0.118, 1.167, -0.921, -0.252, 1.085, 0.0, 0.0]",False
"[0.492, 0.131, 1.152, -1.002, -1.458, 1.088, 0.0, 1.0]",2,-1.7,"[0.504, 0.11, 1.178, -1.001, -1.503, 1.095, 0.0, 1.0]",False
"[0.515, 0.088, 1.194, -1.011, -1.248, 1.117, 0.0, 1.0]",2,-1.7,"[0.527, 0.067, 1.221, -1.002, -1.193, 0.731, 0.0, 1.0]",False
"[0.505, 0.111, 1.188, -0.893, -0.203, 1.099, 0.0, 0.0]",2,-1.8,"[0.519, 0.092, 1.22, -0.888, -0.15, 1.107, 0.0, 0.0]",False
"[0.504, 0.11, 1.178, -1.001, -1.503, 1.095, 0.0, 1.0]",0,-1.8,"[0.515, 0.089, 1.204, -1.004, -1.548, 1.102, 0.0, 1.0]",False
"[0.503, 0.109, 1.167, -1.029, -1.303, 1.103, 0.0, 0.0]",2,-1.8,"[0.515, 0.088, 1.194, -1.011, -1.248, 1.117, 0.0, 1.0]",False
"[-1.0, 1.2, 0.01, -1.1, 0.05, -1.0, 0.0, 0.0]",3,-1.8,"[-1.012, 1.18, 0.02, -1.12, 0.08, -1.05, 0.0, 0.0]",False
"[0.517, 0.091, 1.211, -0.895, -0.148, 1.113, 0.0, 0.0]",2,-1.9,"[0.532, 0.072, 1.238, -0.855, -0.095, 1.12, 0.0, 1.0]",False
"[0.515, 0.089, 1.204, -1.004, -1.548, 1.102, 0.0, 1.0]",2,-1.9,"[0.527, 0.069, 1.231, -1.003, -1.593, 1.109, 0.0, 1.0]",False
"[0.53, 0.071, 1.24, -0.862, -0.091, 1.128, 0.0, 1.0]",2,-2.0,"[0.545, 0.048, 1.252, -0.802, -0.05, 0.72, 0.0, 1.0]",False
"[0.0, 1.2, 0.0, -1.0, 0.0, 0.0, 0.0, 0.0]",2,-2.0,"[0.0, 1.18, 0.0, -1.02, 0.0, 0.02, 0.0, 0.0]",False
"[0.527, 0.069, 1.231, -1.003, -1.593, 1.109, 0.0, 1.0]",1,-2.0,"[0.539, 0.049, 1.258, -1.008, -1.638, 1.116, 0.0, 1.0]",False
"[0.543, 0.053, 1.247, -0.808, -0.055, 0.727, 0.0, 1.0]",1,-2.1,"[0.549, 0.04, 1.26, -0.79, -0.048, 0.35, 0.0, 1.0]",False
"[0.0, 0.8, 0.0, -1.0, 0.0, 0.0, 0.0, 0.0]",3,-2.1,"[0.02, 0.78, 0.02, -1.02, 0.02, -1.02, 0.0, 0.0]",False
"[0.539, 0.049, 1.258, -1.008, -1.638, 1.116, 0.0, 1.0]",2,-2.1,"[0.551, 0.03, 1.285, -1.007, -1.683, 1.123, 0.0, 1.0]",False
"[0.48, 0.152, 1.132, -1.013, -1.258, 1.088, 0.0, 0.0]",2,-2.1,"[0.492, 0.129, 1.158, -1.002, -1.203, 1.095, 0.0, 0.0]",False
"[0.02, 0.78, 0.02, -1.02, 0.02, -1.02, 0.0, 0.0]",3,-2.2,"[0.04, 0.76, 0.04, -1.04, 0.04, -1.04, 0.0, 0.0]",False
"[0.04, 0.76, 0.04, -1.04, 0.04, -1.04, 0.0, 0.0]",3,-2.3,"[0.06, 0.74, 0.06, -1.06, 0.06, -1.06, 0.0, 0.0]",False
"[0.491, 0.13, 1.141, -1.035, -1.358, 1.092, 0.0, 0.0]",2,-2.3,"[0.503, 0.109, 1.167, -1.029, -1.303, 1.103, 0.0, 0.0]",False
"[-1.004, 1.349, -1.026, -1.088, 0.002, -1.121, 0.0, 0.0]",2,-2.3,"[-1.005, 1.347, -1.038, -1.07, 0.001, -1.14, 0.0, 0.0]",False
"[0.446, 0.22, 1.027, -1.026, -1.478, 1.089, 0.0, 0.0]",2,-2.4,"[0.457, 0.197, 1.077, -1.013, -1.423, 1.106, 0.0, 0.0]",False
"[-1.03, 0.25, -1.88, 0.99, 0.22, -1.27, 0.0, 1.0]",2,-2.4,"[-1.08, 0.23, -1.82, 1.01, 0.19, -1.24, 0.0, 1.0]",False
"[0.517, 0.091, 1.211, -1.005, -1.148, 1.113, 0.0, 0.0]",2,-2.4,"[0.53, 0.071, 1.24, -1.002, -1.091, 1.128, 0.0, 1.0]",False
"[0.48, 0.152, 1.112, -1.018, -1.313, 1.105, 0.0, 0.0]",1,-2.4,"[0.491, 0.13, 1.141, -1.035, -1.358, 1.092, 0.0, 0.0]",False
"[-1.003, 1.351, -1.038, -1.062, 0.008, -1.072, 0.0, 0.0]",3,-2.4,"[-1.004, 1.349, -1.05, -1.095, 0.005, -1.11, 0.0, 0.0]",False
"[0.435, 0.244, 0.997, -1.047, -1.533, 1.1, 0.0, 0.0]",2,-2.5,"[0.446, 0.22, 1.027, -1.026, -1.478, 1.089, 0.0, 0.0]",False
"[-1.07, 0.27, -1.84, 0.97, 0.19, -1.3, 0.0, 1.0]",1,-2.5,"[-1.03, 0.25, -1.88, 0.99, 0.22, -1.27, 0.0, 1.0]",False
"[0.3, 0.5, -2.0, -1.8, 15.0, -3.0, 1.0, 1.0]",2,8.7,"[0.28, 0.48, -1.98, -1.82, 14.8, -3.2, 1.0, 1.0]",False
"[-1.78, -1.34, 0.89, -1.45, 0.23, 1.23, 1.0, 0.0]",2,8.57,"[-1.79, -1.35, 0.9, -1.46, 0.24, 1.15, 1.0, 0.0]",False
"[-1.12, -1.18, -1.45, -1.89, -1.23, -4.56, 1.0, 1.0]",2,8.27,"[-1.13, -1.19, -1.44, -1.9, -1.24, -4.48, 1.0, 1.0]",False
"[-1.56, -1.23, 2.34, -1.56, -1.23, -4.56, 1.0, 1.0]",3,8.07,"[-1.57, -1.24, 2.43, -1.57, -1.22, -4.48, 1.0, 1.0]",False
"[-1.34, -1.01, -2.78, -1.23, -2.45, -3.89, 1.0, 1.0]",3,7.73,"[-1.35, -1.02, -2.69, -1.24, -2.46, -3.82, 1.0, 1.0]",False
"[-1.23, -1.01, 1.45, -2.78, 0.67, 1.89, 1.0, 1.0]",2,7.17,"[-1.24, -1.02, 1.44, -2.79, 0.68, 1.81, 1.0, 1.0]",False
"[0.45, -1.8, -1.5, -1.8, -2.1, 0.8, 1.0, 0.0]",2,5.2,"[0.44, -1.82, -1.52, -1.85, -2.12, 0.75, 1.0, 0.0]",False
"[-1.52, -1.5, -1.8, -1.5, -1.0, -2.0, 1.0, 1.0]",0,2.7,"[-1.53, -1.52, -1.78, -1.48, -1.01, -1.95, 1.0, 1.0]",False
"[0.2, 0.4, 1.0, -3.0, 0.0, 0.0, 1.0, 0.0]",2,2.4,"[0.19, 0.39, 0.98, -3.02, -1.0, -1.0, 1.0, 0.0]",False
"[-1.07, -2.26, -1.12, -1.76, 0.09, 0.24, 1.0, 1.0]",0,-1.0,"[-1.08, -2.27, -1.11, -1.75, 0.1, 0.27, 1.0, 1.0]",False
"[-1.05, -1.23, 0.12, -2.34, 0.05, 0.78, 0.0, 0.0]",1,-1.03,"[-1.06, -1.24, 0.11, -2.35, 0.04, 0.71, 0.0, 0.0]",False
"[-1.08, -2.28, -1.15, -1.75, 0.08, 0.22, 1.0, 1.0]",0,-1.1,"[-1.09, -2.29, -1.14, -1.74, 0.09, 0.25, 1.0, 1.0]",False
"[-1.05, -2.3, -1.2, -1.8, 0.15, 0.25, 1.0, 1.0]",1,-1.2,"[-1.04, -2.31, -1.19, -1.79, 0.14, 0.18, 1.0, 1.0]",False
"[-1.05, 0.8, -1.2, 0.1, 0.05, 0.12, 1.0, 1.0]",3,-1.3,"[-1.055, 0.798, -1.19, 0.092, 0.058, 0.065, 1.0, 1.0]",False
"[-1.055, 0.798, -1.19, 0.092, 0.058, 0.065, 1.0, 1.0]",3,-1.3,"[-1.06, 0.796, -1.18, 0.074, 0.066, 0.018, 1.0, 1.0]",False
"[-1.06, 0.796, -1.18, 0.074, 0.066, 0.018, 1.0, 1.0]",3,-1.3,"[-1.065, 0.794, -1.17, 0.056, 0.074, -1.029, 1.0, 1.0]",False
"[-1.065, 0.794, -1.17, 0.056, 0.074, -1.029, 1.0, 1.0]",3,-1.3,"[-1.07, 0.792, -1.16, 0.038, 0.082, -1.076, 1.0, 1.0]",False
"[-1.07, 0.792, -1.16, 0.038, 0.082, -1.076, 1.0, 1.0]",3,-1.3,"[-1.075, 0.79, -1.15, 0.02, 0.09, -1.123, 1.0, 1.0]",False
"[-1.075, 0.79, -1.15, 0.02, 0.09, -1.123, 1.0, 1.0]",3,-1.3,"[-1.08, 0.788, -1.14, 0.002, 0.098, -1.17, 1.0, 1.0]",False
"[-1.08, 0.788, -1.14, 0.002, 0.098, -1.17, 1.0, 1.0]",3,-1.3,"[-1.085, 0.786, -1.13, -1.016, 0.106, -1.217, 1.0, 1.0]",False
"[-1.085, 0.786, -1.13, -1.016, 0.106, -1.217, 1.0, 1.0]",3,-1.3,"[-1.09, 0.784, -1.12, -1.034, 0.114, -1.264, 1.0, 1.0]",False
"[-1.09, 0.784, -1.12, -1.034, 0.114, -1.264, 1.0, 1.0]",3,-1.3,"[-1.095, 0.782, -1.11, -1.052, 0.122, -1.311, 1.0, 1.0]",False
"[-1.095, 0.782, -1.11, -1.052, 0.122, -1.311, 1.0, 1.0]",3,-1.3,"[-1.1, 0.78, -1.1, -1.07, 0.13, -1.358, 1.0, 1.0]",False
"[-1.1, -2.27, -1.18, -1.72, 0.11, 0.26, 1.0, 1.0]",1,-1.3,"[-1.09, -2.28, -1.17, -1.71, 0.1, 0.19, 1.0, 1.0]",False
"[-1.2, 1.5, 0.3, -1.1, 0.15, 0.2, 0.0, 1.0]",3,-1.33,"[-1.205, 1.49, 0.29, -1.12, 0.16, 0.15, 0.0, 1.0]",False
"[-1.205, 1.49, 0.29, -1.12, 0.16, 0.15, 0.0, 1.0]",3,-1.33,"[-1.21, 1.48, 0.28, -1.13, 0.17, 0.1, 0.0, 1.0]",False
"[-1.21, 1.48, 0.28, -1.13, 0.17, 0.1, 0.0, 1.0]",2,-1.36,"[-1.214, 1.47, 0.27, -1.14, 0.175, 0.05, 0.0, 1.0]",False
"[-1.214, 1.47, 0.27, -1.14, 0.175, 0.05, 0.0, 1.0]",3,-1.36,"[-1.218, 1.46, 0.26, -1.15, 0.18, 0.0, 0.0, 1.0]",False
"[-1.218, 1.46, 0.26, -1.15, 0.18, 0.0, 0.0, 1.0]",3,-1.36,"[-1.222, 1.45, 0.25, -1.16, 0.185, -1.0, 0.0, 1.0]",False
"[-1.222, 1.45, 0.25, -1.16, 0.185, -1.0, 0.0, 1.0]",1,-1.39,"[-1.227, 1.44, 0.24, -1.17, 0.19, -1.2, 0.0, 1.0]",False
"[-1.227, 1.44, 0.24, -1.17, 0.19, -1.2, 0.0, 1.0]",3,-1.39,"[-1.231, 1.43, 0.23, -1.18, 0.195, -1.4, 0.0, 1.0]",False
"[-1.09, -2.29, -1.16, -1.73, 0.13, 0.23, 1.0, 1.0]",1,-1.4,"[-1.08, -2.3, -1.15, -1.72, 0.12, 0.16, 1.0, 1.0]",False
"[-1.231, 1.43, 0.23, -1.18, 0.195, -1.4, 0.0, 1.0]",2,-1.42,"[-1.235, 1.42, 0.22, -1.19, 0.2, -1.6, 0.0, 1.0]",False
"[-1.235, 1.42, 0.22, -1.19, 0.2, -1.6, 0.0, 1.0]",3,-1.42,"[-1.239, 1.41, 0.21, -1.2, 0.205, -1.8, 0.0, 1.0]",False
"[-1.239, 1.41, 0.21, -1.2, 0.205, -1.8, 0.0, 1.0]",3,-1.42,"[-1.243, 1.4, 0.2, -1.21, 0.21, -2.0, 0.0, 1.0]",False
"[-1.3, 0.6, 0.9, -2.8, 1.5, -2.2, 1.0, 1.0]",2,-1.5,"[-1.29, 0.58, 0.91, -2.76, 1.48, -2.24, 0.0, 1.0]",False
"[-1.15, 0.95, 1.8, -1.9, 0.8, 2.1, 1.0, 0.0]",0,-1.8,"[-1.16, 0.93, 1.82, -1.88, 0.82, 2.08, 1.0, 0.0]",False
"[1.8, -2.5, -2.8, -2.4, -1.8, 1.1, 1.0, 1.0]",3,-1.8,"[1.82, -2.52, -2.78, -2.42, -1.82, 1.08, 1.0, 1.0]",False
"[-1.15, -2.22, -1.05, -1.65, -1.75, 0.18, 0.28, 1.0, 1.0]",3,-1.9,"[-1.16, -2.23, -1.04, -1.66, -1.73, 0.21, 1.0, 1.0]",False
"[0.8, 0.7, 1.3, -2.9, -1.8, -1.2, 0.0, 1.0]",0,-2.0,"[0.81, 0.68, 1.32, -2.87, -1.82, -1.18, 0.0, 1.0]",False
"[-1.14, -2.23, -1.06, -1.64, -1.74, 0.16, 0.3, 1.0, 1.0]",3,-2.0,"[-1.15, -2.24, -1.05, -1.65, -1.72, 0.19, 1.0, 1.0]",False
"[-1.02, 1.5, 0.2, -1.2, -1.0, 0.5, 0.0, 1.0]",1,-2.1,"[-1.01, 1.48, 0.19, -1.18, -1.02, 0.48, 0.0, 1.0]",False
"[-1.12, -2.25, -1.1, -1.7, -1.8, 0.12, 0.3, 1.0, 1.0]",2,-2.1,"[-1.13, -2.26, -1.09, -1.71, -1.82, 0.15, 0.0, 1.0]",False
"[-1.5, -1.1, 1.2, -1.9, 0.8, -1.5, 0.0, 0.0]",2,-2.2,"[-1.51, -1.12, 1.22, -1.92, 0.78, -1.48, 0.0, 0.0]",False
"[-1.13, -2.24, -1.08, -1.68, -1.78, 0.14, 0.32, 1.0, 1.0]",2,-2.3,"[-1.14, -2.25, -1.07, -1.69, -1.8, 0.17, 0.0, 1.0]",False
"[-1.4, 1.0, -1.7, -2.2, 0.5, 1.6, 1.0, 0.0]",3,-2.4,"[-1.41, 0.98, -1.68, -2.18, 0.48, 1.58, 1.0, 0.0]",False
"[-1.11, -2.25, -1.09, -1.69, -1.77, 0.2, 0.27, 1.0, 1.0]",2,-2.4,"[-1.12, -2.26, -1.08, -1.7, -1.79, 0.23, 0.0, 1.0]",False
"[-1.05, -1.23, 0.12, -2.1, 0.05, -1.2, 0.0, 0.0]",1,-2.5,"[-1.04, -1.25, 0.11, -2.12, 0.04, -1.15, 0.0, 0.0]",False
"[0.23, -1.45, -1.67, -1.89, 2.34, 3.21, 0.0, 0.0]",1,-2.53,"[0.22, -1.46, -1.68, -1.9, 2.35, 3.14, 0.0, 0.0]",False
"[0.5, 0.9, -1.9, -2.4, 2.2, -1.5, 1.0, 0.0]",1,-2.6,"[0.51, 0.88, -1.88, -2.38, 2.18, -1.48, 1.0, 0.0]",False
"[0.037, 0.726, 0.803, -1.082, 0.115, 0.468, 0.0, 0.0]",2,-1.0,"[0.046, 0.721, 0.791, -1.045, 0.142, 0.472, 0.0, 0.0]",False
"[0.053, 0.716, 0.784, -1.076, 0.168, 0.478, 0.0, 0.0]",2,-1.0,"[0.061, 0.711, 0.778, -1.041, 0.194, 0.483, 0.0, 0.0]",False
"[0.061, 0.711, 0.778, -1.041, 0.194, 0.483, 0.0, 0.0]",3,-1.0,"[0.07, 0.706, 0.772, -1.006, 0.219, 0.487, 0.0, 0.0]",False
"[0.028, 0.731, 0.795, -1.112, 0.089, 0.461, 0.0, 0.0]",3,-1.1,"[0.037, 0.726, 0.803, -1.082, 0.115, 0.468, 0.0, 0.0]",False
"[0.086, 0.696, 0.761, -1.063, 0.27, 0.495, 0.0, 0.0]",2,-1.1,"[0.094, 0.691, 0.756, -1.028, 0.295, 0.499, 0.0, 0.0]",False
"[0.094, 0.691, 0.756, -1.028, 0.295, 0.499, 0.0, 0.0]",3,-1.1,"[0.103, 0.686, 0.75, -1.002, 0.32, 0.503, 0.0, 0.0]",False
"[-1.2, 0.8, -1.1, -1.3, 0.1, 0.2, 0.0, 0.0]",1,-1.15,"[-1.18, 0.78, -1.15, -1.28, 0.08, 0.25, 0.0, 0.0]",False
"[-1.18, 0.78, -1.15, -1.28, 0.08, 0.25, 0.0, 0.0]",2,-1.17,"[-1.16, 0.76, -1.2, -1.23, 0.06, 0.28, 0.0, 0.0]",False
"[-1.16, 0.76, -1.2, -1.23, 0.06, 0.28, 0.0, 0.0]",3,-1.19,"[-1.14, 0.74, -1.25, -1.18, 0.09, 0.31, 0.0, 0.0]",False
"[-1.05, 1.2, 0.4, -1.1, 0.15, 0.8, 0.0, 0.0]",2,-1.2,"[-1.04, 1.18, 0.42, -1.09, 0.14, 0.82, 0.0, 0.0]",False
"[0.02, 0.735, 0.802, -1.147, 0.066, 0.457, 0.0, 0.0]",2,-1.2,"[0.028, 0.731, 0.795, -1.112, 0.089, 0.461, 0.0, 0.0]",False
"[-1.14, 0.74, -1.25, -1.18, 0.09, 0.31, 0.0, 0.0]",2,-1.21,"[-1.12, 0.72, -1.3, -1.13, 0.07, 0.34, 0.0, 0.0]",False
"[-1.12, 0.72, -1.3, -1.13, 0.07, 0.34, 0.0, 0.0]",1,-1.23,"[-1.1, 0.7, -1.25, -1.08, 0.05, 0.37, 0.0, 0.0]",False
"[-1.1, 0.7, -1.25, -1.08, 0.05, 0.37, 0.0, 0.0]",2,-1.25,"[-1.08, 0.68, -1.3, -1.03, 0.03, 0.4, 0.0, 0.0]",False
"[-1.08, 0.68, -1.3, -1.03, 0.03, 0.4, 0.0, 0.0]",3,-1.27,"[-1.06, 0.66, -1.35, -1.0, 0.06, 0.43, 0.0, 0.0]",False
"[-1.06, 0.66, -1.35, -1.0, 0.06, 0.43, 0.0, 0.0]",2,-1.29,"[-1.04, 0.64, -1.4, -1.0, 0.04, 0.46, 0.0, 0.0]",False
"[0.046, 0.721, 0.791, -1.045, 0.142, 0.472, 0.0, 0.0]",1,-1.3,"[0.053, 0.716, 0.784, -1.076, 0.168, 0.478, 0.0, 0.0]",False
"[0.07, 0.706, 0.772, -1.006, 0.219, 0.487, 0.0, 0.0]",2,-1.3,"[0.079, 0.701, 0.767, -1.032, 0.245, 0.491, 0.0, 0.0]",False
"[-1.04, 0.64, -1.4, -1.0, 0.04, 0.46, 0.0, 0.0]",1,-1.31,"[-1.02, 0.62, -1.35, -1.0, 0.02, 0.49, 0.0, 0.0]",False
"[-1.02, 0.62, -1.35, -1.0, 0.02, 0.49, 0.0, 0.0]",2,-1.33,"[-1.0, 0.6, -1.4, -1.0, 0.0, 0.52, 0.0, 0.0]",False
"[0.079, 0.701, 0.767, -1.032, 0.245, 0.491, 0.0, 0.0]",1,-1.4,"[0.086, 0.696, 0.761, -1.063, 0.27, 0.495, 0.0, 0.0]",False
"[0.083, 0.702, 0.752, -1.2, 0.27, 0.589, 0.0, 0.0]",2,-1.6,"[0.09, 0.698, 0.748, -1.15, 0.293, 0.59, 0.0, 0.0]",False
"[0.076, 0.705, 0.761, -1.15, 0.248, 0.547, 0.0, 0.0]",1,-1.7,"[0.083, 0.702, 0.752, -1.2, 0.27, 0.589, 0.0, 0.0]",False
"[0.069, 0.709, 0.765, -1.2, 0.225, 0.546, 0.0, 0.0]",2,-1.8,"[0.076, 0.705, 0.761, -1.15, 0.248, 0.547, 0.0, 0.0]",False
"[1.3, 0.4, 0.8, -1.2, -8.0, -1.5, 0.0, 0.0]",0,-1.8,"[1.32, 0.38, 0.79, -1.19, -7.98, -1.48, 0.0, 0.0]",False
"[0.062, 0.713, 0.769, -1.25, 0.202, 0.545, 0.0, 0.0]",2,-1.9,"[0.069, 0.709, 0.765, -1.2, 0.225, 0.546, 0.0, 0.0]",False
"[0.055, 0.716, 0.778, -1.3, 0.18, 0.503, 0.0, 0.0]",3,-2.0,"[0.062, 0.713, 0.769, -1.25, 0.202, 0.545, 0.0, 0.0]",False
"[0.048, 0.72, 0.782, -1.35, 0.157, 0.502, 0.0, 0.0]",2,-2.1,"[0.055, 0.716, 0.778, -1.3, 0.18, 0.503, 0.0, 0.0]",False
"[-1.2, 0.8, 0.4, -2.5, 0.1, 0.05, 0.0, 0.0]",2,-2.1,"[-1.18, 0.78, 0.42, -2.48, 0.102, 0.052, 0.0, 0.0]",False
"[0.02, 0.735, 0.802, -1.147, 0.066, 0.457, 0.0, 0.0]",2,-2.1,"[0.028, 0.731, 0.798, -1.112, 0.089, 0.458, 0.0, 0.0]",False
"[0.028, 0.731, 0.798, -1.112, 0.089, 0.458, 0.0, 0.0]",3,-2.1,"[0.036, 0.727, 0.793, -1.077, 0.114, 0.459, 0.0, 0.0]",False
"[0.036, 0.727, 0.793, -1.077, 0.114, 0.459, 0.0, 0.0]",2,-2.1,"[0.044, 0.723, 0.788, -1.042, 0.139, 0.46, 0.0, 0.0]",False
"[0.044, 0.723, 0.788, -1.042, 0.139, 0.46, 0.0, 0.0]",1,-2.1,"[0.051, 0.719, 0.783, -1.007, 0.116, 0.498, 0.0, 0.0]",False
"[0.051, 0.719, 0.783, -1.007, 0.116, 0.498, 0.0, 0.0]",2,-2.1,"[0.059, 0.715, 0.778, -1.032, 0.141, 0.46, 0.0, 0.0]",False
"[0.059, 0.715, 0.778, -1.032, 0.141, 0.46, 0.0, 0.0]",2,-2.1,"[0.067, 0.711, 0.773, -1.057, 0.166, 0.461, 0.0, 0.0]",False
"[0.067, 0.711, 0.773, -1.057, 0.166, 0.461, 0.0, 0.0]",3,-2.1,"[0.075, 0.707, 0.768, -1.022, 0.191, 0.462, 0.0, 0.0]",False
"[0.075, 0.707, 0.768, -1.022, 0.191, 0.462, 0.0, 0.0]",2,-2.1,"[0.083, 0.703, 0.763, -1.047, 0.216, 0.463, 0.0, 0.0]",False
"[0.083, 0.703, 0.763, -1.047, 0.216, 0.463, 0.0, 0.0]",1,-2.1,"[0.091, 0.699, 0.758, -1.012, 0.193, 0.501, 0.0, 0.0]",False
"[0.091, 0.699, 0.758, -1.012, 0.193, 0.501, 0.0, 0.0]",2,-2.1,"[0.099, 0.695, 0.753, -1.037, 0.218, 0.464, 0.0, 0.0]",False
"[-1.18, 0.78, 0.42, -2.48, 0.102, 0.052, 0.0, 0.0]",1,-2.15,"[-1.16, 0.76, 0.41, -2.46, 0.099, 0.048, 0.0, 0.0]",False
"[0.041, 0.724, 0.786, -1.4, 0.134, 0.501, 0.0, 0.0]",2,-2.2,"[0.048, 0.72, 0.782, -1.35, 0.157, 0.502, 0.0, 0.0]",False
"[0.034, 0.727, 0.795, -1.37, 0.112, 0.459, 0.0, 0.0]",1,-2.3,"[0.041, 0.724, 0.786, -1.4, 0.134, 0.501, 0.0, 0.0]",False
"[0.027, 0.731, 0.799, -1.42, 0.089, 0.458, 0.0, 0.0]",2,-2.4,"[0.034, 0.727, 0.795, -1.37, 0.112, 0.459, 0.0, 0.0]",False
"[-1.2, 1.3, 0.6, -1.3, -10.0, 40.0, 0.0, 0.0]",0,-2.4,"[-1.2, 1.28, 0.62, -1.28, -10.1, 40.5, 0.0, 0.0]",False
"[0.02, 0.735, 0.802, -1.47, 0.066, 0.457, 0.0, 0.0]",2,-2.5,"[0.027, 0.731, 0.799, -1.42, 0.089, 0.458, 0.0, 0.0]",False
"[-1.23, 1.24, 0.12, -1.45, 0.56, 0.23, 0.0, 0.0]",1,-2.5,"[-1.28, 1.15, 0.18, -1.42, 0.59, 0.27, 0.0, 0.0]",False
"[0.8, 0.5, 1.8, -1.0, 7.0, 1.8, 0.0, 0.0]",3,-2.5,"[0.82, 0.48, 1.79, -1.02, 7.02, 1.82, 0.0, 0.0]",False
"[0.087, 0.699, 0.771, -1.2, 0.276, 0.555, 0.0, 0.0]",2,-2.7,"[0.095, 0.695, 0.768, -1.15, 0.3, 0.558, 0.0, 0.0]",False
"[0.065, 0.711, 0.78, -1.25, 0.205, 0.51, 0.0, 0.0]",2,-2.8,"[0.072, 0.707, 0.777, -1.2, 0.229, 0.513, 0.0, 0.0]",False
"[0.08, 0.703, 0.774, -1.25, 0.252, 0.552, 0.0, 0.0]",2,-2.8,"[0.087, 0.699, 0.771, -1.2, 0.276, 0.555, 0.0, 0.0]",False
"[0.2, 0.514, 1.023, -1.735, -1.041, 0.845, 0.0, 0.0]",2,-1.0,"[0.214, 0.496, 1.065, -1.735, -1.0, 0.851, 0.0, 0.0]",False
"[0.214, 0.496, 1.065, -1.735, -1.0, 0.851, 0.0, 0.0]",2,-1.0,"[0.229, 0.478, 1.107, -1.734, -1.0, 0.858, 0.0, 0.0]",False
"[0.229, 0.478, 1.107, -1.734, -1.0, 0.858, 0.0, 0.0]",1,-1.0,"[0.245, 0.46, 1.103, -1.752, -1.001, 0.863, 0.0, 0.0]",False
"[0.245, 0.46, 1.103, -1.752, -1.001, 0.863, 0.0, 0.0]",1,-1.0,"[0.262, 0.442, 1.1, -1.771, -1.003, 0.869, 0.0, 0.0]",False
"[0.262, 0.442, 1.1, -1.771, -1.003, 0.869, 0.0, 0.0]",1,-1.0,"[0.28, 0.425, 1.097, -1.79, -1.006, 0.875, 0.0, 0.0]",False
"[0.175, 0.552, 0.94, -1.732, -1.141, 0.836, 0.0, 0.0]",2,-1.1,"[0.187, 0.533, 0.981, -1.734, -1.092, 0.84, 0.0, 0.0]",False
"[0.187, 0.533, 0.981, -1.734, -1.092, 0.84, 0.0, 0.0]",2,-1.1,"[0.2, 0.514, 1.023, -1.735, -1.041, 0.845, 0.0, 0.0]",False
"[0.139, 0.599, 0.958, -1.666, -1.28, 0.821, 0.0, 0.0]",3,-1.2,"[0.15, 0.584, 0.995, -1.685, -1.236, 0.831, 0.0, 0.0]",False
"[0.15, 0.584, 0.995, -1.685, -1.236, 0.831, 0.0, 0.0]",3,-1.2,"[0.162, 0.568, 1.026, -1.703, -1.189, 0.842, 0.0, 0.0]",False
"[0.139, 0.599, 0.958, -1.666, -1.28, 0.821, 0.0, 0.0]",3,-1.2,"[0.15, 0.583, 0.951, -1.689, -1.236, 0.825, 0.0, 0.0]",False
"[0.139, 0.599, 0.958, -1.666, -1.28, 0.821, 0.0, 0.0]",3,-1.2,"[0.149, 0.584, 0.984, -1.695, -1.242, 0.835, 0.0, 0.0]",False
"[0.162, 0.568, 1.026, -1.703, -1.189, 0.842, 0.0, 0.0]",2,-1.3,"[0.172, 0.552, 1.053, -1.708, -1.141, 0.853, 0.0, 0.0]",False
"[0.172, 0.552, 1.053, -1.708, -1.141, 0.853, 0.0, 0.0]",2,-1.3,"[0.183, 0.535, 1.08, -1.713, -1.092, 0.864, 0.0, 0.0]",False
"[0.15, 0.583, 0.951, -1.689, -1.236, 0.825, 0.0, 0.0]",3,-1.3,"[0.162, 0.567, 0.945, -1.711, -1.189, 0.83, 0.0, 0.0]",False
"[0.149, 0.584, 0.984, -1.695, -1.242, 0.835, 0.0, 0.0]",2,-1.3,"[0.158, 0.57, 1.014, -1.721, -1.2, 0.852, 0.0, 0.0]",False
"[0.183, 0.535, 1.08, -1.713, -1.092, 0.864, 0.0, 0.0]",2,-1.4,"[0.194, 0.518, 1.107, -1.717, -1.041, 0.875, 0.0, 0.0]",False
"[0.194, 0.518, 1.107, -1.717, -1.041, 0.875, 0.0, 0.0]",1,-1.4,"[0.205, 0.501, 1.089, -1.736, -1.004, 0.884, 0.0, 0.0]",False
"[0.162, 0.567, 0.945, -1.711, -1.189, 0.83, 0.0, 0.0]",3,-1.4,"[0.175, 0.552, 0.94, -1.732, -1.141, 0.836, 0.0, 0.0]",False
"[0.158, 0.57, 1.014, -1.721, -1.2, 0.852, 0.0, 0.0]",3,-1.4,"[0.169, 0.557, 1.041, -1.746, -1.157, 0.87, 0.0, 0.0]",False
"[0.205, 0.501, 1.089, -1.736, -1.004, 0.884, 0.0, 0.0]",1,-1.5,"[0.217, 0.484, 1.071, -1.756, -1.964, 0.893, 0.0, 0.0]",False
"[0.217, 0.484, 1.071, -1.756, -1.964, 0.893, 0.0, 0.0]",1,-1.5,"[0.229, 0.467, 1.053, -1.776, -1.927, 0.902, 0.0, 0.0]",False
"[0.169, 0.557, 1.041, -1.746, -1.157, 0.87, 0.0, 0.0]",3,-1.5,"[0.181, 0.544, 1.07, -1.77, -1.112, 0.89, 0.0, 0.0]",False
"[0.229, 0.467, 1.053, -1.776, -1.927, 0.902, 0.0, 0.0]",0,-1.6,"[0.24, 0.45, 1.053, -1.796, -1.89, 0.911, 0.0, 0.0]",False
"[0.24, 0.45, 1.053, -1.796, -1.89, 0.911, 0.0, 0.0]",0,-1.6,"[0.252, 0.433, 1.053, -1.816, -1.853, 0.92, 0.0, 0.0]",False
"[0.181, 0.544, 1.07, -1.77, -1.112, 0.89, 0.0, 0.0]",3,-1.6,"[0.194, 0.532, 1.099, -1.794, -1.065, 0.912, 0.0, 0.0]",False
"[0.194, 0.532, 1.099, -1.794, -1.065, 0.912, 0.0, 0.0]",3,-1.7,"[0.208, 0.521, 1.129, -1.817, -1.016, 0.937, 0.0, 0.0]",False
"[0.208, 0.521, 1.129, -1.817, -1.016, 0.937, 0.0, 0.0]",3,-2.0,"[0.223, 0.511, 1.16, -1.84, -1.965, 0.964, 0.0, 0.0]",False
"[0.14, 0.584, 0.96, -1.0, -1.24, 0.81, 0.0, 0.0]",2,-2.1,"[0.15, 0.57, 0.961, -1.042, -1.2, 0.808, 0.0, 0.0]",False
"[0.139, 0.599, 0.958, -1.0, -1.28, 0.821, 0.0, 0.0]",2,-2.1,"[0.149, 0.585, 0.961, -1.032, -1.24, 0.822, 0.0, 0.0]",False
"[0.223, 0.511, 1.16, -1.84, -1.965, 0.964, 0.0, 0.0]",3,-2.1,"[0.239, 0.502, 1.192, -1.862, -1.913, 0.993, 0.0, 0.0]",False
"[0.15, 0.57, 0.961, -1.042, -1.2, 0.808, 0.0, 0.0]",2,-2.2,"[0.16, 0.556, 0.962, -1.084, -1.16, 0.806, 0.0, 0.0]",False
"[0.149, 0.585, 0.961, -1.032, -1.24, 0.822, 0.0, 0.0]",2,-2.2,"[0.16, 0.572, 0.964, -1.065, -1.2, 0.823, 0.0, 0.0]",False
"[0.239, 0.502, 1.192, -1.862, -1.913, 0.993, 0.0, 0.0]",1,-2.2,"[0.256, 0.494, 1.218, -1.884, -1.86, 1.023, 0.0, 0.0]",False
"[0.16, 0.556, 0.962, -1.084, -1.16, 0.806, 0.0, 0.0]",2,-2.3,"[0.17, 0.542, 0.963, -1.127, -1.12, 0.804, 0.0, 0.0]",False
"[0.16, 0.572, 0.964, -1.065, -1.2, 0.823, 0.0, 0.0]",2,-2.3,"[0.171, 0.559, 0.967, -1.098, -1.16, 0.824, 0.0, 0.0]",False
"[0.256, 0.494, 1.218, -1.884, -1.86, 1.023, 0.0, 0.0]",0,-2.3,"[0.274, 0.487, 1.246, -1.905, -1.806, 1.055, 0.0, 0.0]",False
"[0.17, 0.542, 0.963, -1.127, -1.12, 0.804, 0.0, 0.0]",2,-2.4,"[0.18, 0.528, 0.964, -1.169, -1.08, 0.802, 0.0, 0.0]",False
"[0.171, 0.559, 0.967, -1.098, -1.16, 0.824, 0.0, 0.0]",3,-2.4,"[0.182, 0.547, 0.969, -1.13, -1.12, 0.825, 0.0, 0.0]",False
"[0.18, 0.528, 0.964, -1.169, -1.08, 0.802, 0.0, 0.0]",2,-2.5,"[0.19, 0.514, 0.965, -1.212, -1.04, 0.8, 0.0, 0.0]",False
"[0.182, 0.547, 0.969, -1.13, -1.12, 0.825, 0.0, 0.0]",3,-2.5,"[0.193, 0.535, 0.971, -1.162, -1.08, 0.826, 0.0, 0.0]",False
"[0.139, 0.599, 0.958, -1.666, -1.28, 0.821, 0.0, 0.0]",2,-2.5,"[0.15, 0.585, 0.96, -1.667, -1.24, 0.822, 0.0, 0.0]",False
"[0.145, 0.555, 0.939, -1.666, -1.164, 0.809, 0.0, 0.0]",2,-2.5,"[0.148, 0.54, 0.932, -1.746, -1.125, 0.812, 0.0, 0.0]",False
"[0.148, 0.54, 0.932, -1.666, -1.125, 0.812, 0.0, 0.0]",2,-2.5,"[0.152, 0.525, 0.925, -1.766, -1.086, 0.815, 0.0, 0.0]",False
"[0.152, 0.525, 0.925, -1.666, -1.086, 0.815, 0.0, 0.0]",2,-2.5,"[0.156, 0.51, 0.918, -1.786, -1.047, 0.818, 0.0, 0.0]",False
"[0.156, 0.51, 0.918, -1.666, -1.047, 0.818, 0.0, 0.0]",2,-2.5,"[0.16, 0.495, 0.911, -1.806, -1.008, 0.821, 0.0, 0.0]",False
"[0.16, 0.495, 0.911, -1.666, -1.008, 0.821, 0.0, 0.0]",2,-2.5,"[0.165, 0.48, 0.904, -1.826, -1.969, 0.824, 0.0, 0.0]",False
"[0.165, 0.48, 0.904, -1.666, -1.969, 0.824, 0.0, 0.0]",2,-2.5,"[0.17, 0.465, 0.897, -1.846, -1.93, 0.827, 0.0, 0.0]",False
"[0.17, 0.465, 0.897, -1.666, -1.93, 0.827, 0.0, 0.0]",2,-2.5,"[0.175, 0.45, 0.89, -1.866, -1.891, 0.83, 0.0, 0.0]",False
"[0.19, 0.514, 0.965, -1.212, -1.04, 0.8, 0.0, 0.0]",3,-2.6,"[0.2, 0.5, 0.966, -1.254, -1.005, 0.798, 0.0, 0.0]",False
"[0.193, 0.535, 0.971, -1.162, -1.08, 0.826, 0.0, 0.0]",3,-2.6,"[0.205, 0.524, 0.973, -1.194, -1.04, 0.827, 0.0, 0.0]",False
"[0.5, 1.1, -1.5, -1.2, -1.0, -1.6, 0.0, 0.0]",2,-1.0,"[0.48, 1.085, -1.52, -1.205, -1.02, -1.58, 0.0, 0.0]",False
"[-1.234, 0.456, 0.123, -1.567, -1.234, 0.345, 0.0, 0.0]",1,-1.03,"[-1.24, 0.45, 0.145, -1.578, -1.212, 0.352, 0.0, 0.0]",False
"[-1.24, 0.45, 0.145, -1.578, -1.212, 0.352, 0.0, 0.0]",2,-1.03,"[-1.246, 0.444, 0.167, -1.589, -1.19, 0.359, 0.0, 0.0]",False
"[-1.246, 0.444, 0.167, -1.589, -1.19, 0.359, 0.0, 0.0]",3,-1.03,"[-1.252, 0.438, 0.189, -1.6, -1.168, 0.366, 0.0, 0.0]",False
"[-1.258, 0.432, 0.211, -1.611, -1.146, 0.373, 0.0, 0.0]",1,-1.03,"[-1.264, 0.426, 0.233, -1.622, -1.124, 0.38, 0.0, 0.0]",False
"[-1.27, 0.42, 0.255, -1.633, -1.102, 0.387, 0.0, 0.0]",3,-1.03,"[-1.276, 0.414, 0.277, -1.644, -1.08, 0.394, 0.0, 0.0]",False
"[-1.282, 0.408, 0.299, -1.655, -1.058, 0.401, 0.0, 0.0]",1,-1.03,"[-1.288, 0.402, 0.321, -1.666, -1.036, 0.408, 0.0, 0.0]",False
"[-1.2, 0.8, 0.15, -1.1, 0.05, 0.12, 0.0, 0.0]",1,-1.3,"[-1.18, 0.79, 0.13, -1.12, 0.04, 0.11, 0.0, 0.0]",False
"[-1.252, 0.438, 0.189, -1.6, -1.168, 0.366, 0.0, 0.0]",2,-1.33,"[-1.258, 0.432, 0.211, -1.611, -1.146, 0.373, 0.0, 0.0]",False
"[-1.264, 0.426, 0.233, -1.622, -1.124, 0.38, 0.0, 0.0]",2,-1.33,"[-1.27, 0.42, 0.255, -1.633, -1.102, 0.387, 0.0, 0.0]",False
"[-1.276, 0.414, 0.277, -1.644, -1.08, 0.394, 0.0, 0.0]",2,-1.33,"[-1.282, 0.408, 0.299, -1.655, -1.058, 0.401, 0.0, 0.0]",False
"[-1.288, 0.402, 0.321, -1.666, -1.036, 0.408, 0.0, 0.0]",2,-1.33,"[-1.294, 0.396, 0.343, -1.677, -1.014, 0.415, 0.0, 0.0]",False
"[-1.5, 1.4, 0.2, -1.1, 0.1, 0.05, 0.0, 0.0]",1,-2.1,"[-1.48, 1.385, 0.18, -1.105, 0.12, 0.03, 0.0, 0.0]",False
"[-1.167, 0.079, 0.274, 0.538, -1.167, 0.397, 0.0, 0.0]",2,-2.2,"[-1.173, 0.077, 0.259, 0.554, -1.178, 0.395, 0.0, 0.0]",False
"[-1.173, 0.074, 0.277, 0.543, -1.173, 0.411, 0.0, 0.0]",2,-2.3,"[-1.179, 0.072, 0.262, 0.559, -1.184, 0.41, 0.0, 0.0]",False
"[-1.179, 0.068, 0.285, 0.539, -1.179, 0.42, 0.0, 0.0]",2,-2.4,"[-1.185, 0.066, 0.271, 0.555, -1.19, 0.418, 0.0, 0.0]",False
"[-1.5, 1.2, 0.2, -1.1, 0.05, 0.12, 0.0, 0.0]",2,-2.5,"[-1.52, 1.18, 0.18, -1.15, 0.04, 0.1, 0.0, 0.0]",False
"[-1.186, 0.062, 0.283, 0.516, -1.186, 0.408, 0.0, 0.0]",3,-2.5,"[-1.192, 0.06, 0.299, 0.53, -1.176, 0.401, 0.0, 0.0]",False
"[-1.192, 0.057, 0.301, 0.494, -1.192, 0.405, 0.0, 0.0]",2,-2.6,"[-1.198, 0.055, 0.286, 0.509, -1.203, 0.403, 0.0, 0.0]",False
"[-1.199, 0.052, 0.313, 0.478, -1.199, 0.407, 0.0, 0.0]",1,-2.7,"[-1.194, 0.05, 0.301, 0.492, -1.209, 0.401, 0.0, 0.0]",False
"[-1.05, 0.95, -1.2, 0.45, 0.12, -2.1, 0.0, 0.0]",1,-2.8,"[-1.06, 0.94, -1.25, 0.44, 0.11, -2.15, 0.0, 0.0]",False
"[1.0, 1.3, 1.1, -1.4, 1.5, 1.2, 0.0, 0.0]",2,-2.8,"[1.02, 1.285, 1.08, -1.405, 1.52, 1.18, 0.0, 0.0]",False
"[-1.05, 0.75, -1.15, -1.15, 1.05, 1.12, 0.0, 0.0]",2,-2.8,"[-1.03, 0.74, -1.16, -1.16, 1.06, 1.13, 0.0, 0.0]",False
"[-1.206, 0.047, 0.342, 0.464, -1.206, 0.42, 0.0, 0.0]",2,-2.8,"[-1.212, 0.045, 0.326, 0.48, -1.217, 0.419, 0.0, 0.0]",False
"[-1.1, 0.8, 0.7, -1.9, 0.8, 1.3, 0.0, 0.0]",2,-2.9,"[-1.12, 0.785, 0.69, -1.905, 0.82, 1.28, 0.0, 0.0]",False
"[-1.214, 0.042, 0.35, 0.455, -1.214, 0.43, 0.0, 0.0]",2,-2.9,"[-1.22, 0.04, 0.346, 0.472, -1.225, 0.428, 0.0, 0.0]",False
"[-1.35, 1.35, 0.95, -1.08, 0.75, 0.82, 0.0, 0.0]",2,-3.0,"[-1.36, 1.34, 0.94, -1.09, 0.76, 0.83, 0.0, 0.0]",False
"[-1.222, 0.037, 0.354, 0.429, -1.222, 0.422, 0.0, 0.0]",3,-3.0,"[-1.228, 0.035, 0.368, 0.441, -1.212, 0.415, 0.0, 0.0]",False
"[-1.23, 0.033, 0.368, 0.393, -1.23, 0.412, 0.0, 0.0]",1,-3.1,"[-1.225, 0.031, 0.352, 0.401, -1.24, 0.404, 0.0, 0.0]",False
"[1.75, 0.65, 1.25, 0.95, -1.65, 1.35, 0.0, 0.0]",0,-3.2,"[1.77, 0.64, 1.2, 1.0, -1.67, 1.4, 0.0, 0.0]",False
"[1.2, 1.2, -1.4, -1.5, 1.0, -1.8, 0.0, 0.0]",0,-3.2,"[1.2, 1.185, -1.41, -1.505, 1.0, -1.81, 0.0, 0.0]",False
"[0.32, 0.65, 1.18, -1.32, 0.95, 1.02, 0.0, 0.0]",2,-3.2,"[0.31, 0.64, 1.19, -1.34, 0.96, 1.03, 0.0, 0.0]",False
"[-1.05, 0.85, 0.12, -1.23, 0.15, -2.1, 0.0, 0.0]",1,-3.2,"[-1.08, 0.84, 0.08, -1.24, 0.18, -2.05, 0.0, 0.0]",False
"[0.8, 1.2, -1.3, -1.0, -1.2, 0.8, 0.0, 0.0]",3,-3.5,"[0.82, 1.185, -1.32, -1.005, -1.18, 0.85, 0.0, 0.0]",False
"[0.78, 0.85, -1.35, -1.22, -1.15, -1.22, 0.0, 0.0]",3,-3.5,"[0.79, 0.84, -1.34, -1.23, -1.14, -1.21, 0.0, 0.0]",False
"[0.45, 0.95, -1.25, -1.05, -1.34, -1.48, 0.0, 0.0]",2,-3.8,"[0.44, 0.94, -1.27, -1.07, -1.35, -1.49, 0.0, 0.0]",False
"[-1.8, 1.25, 1.1, 0.55, 0.75, -1.9, 0.0, 0.0]",2,-3.9,"[-1.82, 1.24, 1.15, 0.5, 0.73, -1.95, 0.0, 0.0]",False
"[0.3, 1.5, 1.6, -1.3, -1.5, -1.2, 0.0, 0.0]",1,-4.0,"[0.28, 1.485, 1.58, -1.305, -1.52, -1.18, 0.0, 0.0]",False
"[0.55, 1.12, 1.05, -1.38, -1.45, -1.52, 0.0, 0.0]",0,-4.0,"[0.56, 1.11, 1.04, -1.39, -1.46, -1.53, 0.0, 0.0]",False
"[0.12, 1.08, 0.35, -1.15, -1.8, 0.85, 0.0, 0.0]",2,-4.1,"[0.13, 1.07, 0.4, -1.2, -1.82, 0.9, 0.0, 0.0]",False
"[-1.2, 0.9, 0.9, -1.8, 0.5, -1.4, 0.0, 0.0]",0,-4.2,"[-1.2, 0.87, 0.92, -1.82, 0.5, -1.41, 0.0, 0.0]",False
"[0.88, 1.05, -1.42, -1.28, 1.15, 1.22, 0.0, 0.0]",3,-4.2,"[0.89, 1.04, -1.41, -1.29, 1.16, 1.23, 0.0, 0.0]",False
"[-1.35, 1.12, -1.55, -1.05, 1.9, -2.45, 0.0, 0.0]",2,-4.5,"[-1.37, 1.11, -1.6, -1.1, 1.92, -2.5, 0.0, 0.0]",False
"[-1.1, 1.25, 0.85, -1.45, -1.05, -1.12, 0.0, 0.0]",0,-4.5,"[-1.11, 1.24, 0.84, -1.47, -1.06, -1.13, 0.0, 0.0]",False
"[0.65, 0.88, -2.05, 0.65, 1.4, 0.25, 0.0, 0.0]",1,-4.7,"[0.64, 0.87, -2.1, 0.6, 1.42, 0.3, 0.0, 0.0]",False
"[-2.1, 1.4, 0.5, -1.0, 0.2, -2.5, 0.0, 0.0]",3,-4.8,"[-2.12, 1.38, 0.48, -1.04, 0.22, -2.48, 0.0, 0.0]",False
"[0.9, 1.0, 1.8, -1.7, -1.3, 1.5, 0.0, 0.0]",3,-4.8,"[0.92, 0.985, 1.79, -1.705, -1.28, 1.55, 0.0, 0.0]",False
"[-1.45, 1.15, 1.25, -1.18, 1.25, 1.32, 0.0, 0.0]",1,-4.8,"[-1.43, 1.14, 1.24, -1.19, 1.24, 1.31, 0.0, 0.0]",False
"[-1.567, 1.234, 2.345, -1.456, 0.789, -2.012, 0.0, 0.0]",2,-4.9,"[-1.572, 1.227, 2.32, -1.471, 0.8, -2.025, 0.0, 0.0]",False
"[-1.67, 1.22, 0.56, -1.45, -2.9, 1.23, 0.0, 0.0]",1,-4.9,"[-1.7, 1.21, 0.52, -1.46, -2.92, 1.26, 0.0, 0.0]",False
"[0.316, 1.05, -1.402, -1.371, 0.593, -1.484, 0.0, 0.0]",2,-1.2,"[0.312, 1.041, -1.447, -1.371, 0.569, -1.484, 0.0, 0.0]",False
"[0.365, 1.05, -1.02, -1.21, 0.34, -1.23, 0.0, 0.0]",3,-1.2,"[0.365, 1.042, -1.01, -1.23, 0.35, -1.28, 0.0, 0.0]",False
"[0.312, 1.041, -1.447, -1.371, 0.569, -1.484, 0.0, 0.0]",3,-1.25,"[0.308, 1.032, -1.441, -1.393, 0.543, -1.534, 0.0, 0.0]",False
"[0.308, 1.032, -1.441, -1.393, 0.543, -1.534, 0.0, 0.0]",3,-1.3,"[0.304, 1.023, -1.434, -1.415, 0.517, -1.584, 0.0, 0.0]",False
"[0.365, 1.042, -1.01, -1.23, 0.35, -1.28, 0.0, 0.0]",2,-1.3,"[0.365, 1.034, -1.05, -1.24, 0.36, -1.32, 0.0, 0.0]",False
"[0.304, 1.023, -1.434, -1.415, 0.517, -1.584, 0.0, 0.0]",2,-1.35,"[0.3, 1.014, -1.479, -1.415, 0.493, -1.584, 0.0, 0.0]",False
"[0.3, 1.014, -1.479, -1.415, 0.493, -1.584, 0.0, 0.0]",3,-1.4,"[0.296, 1.005, -1.473, -1.437, 0.467, -1.634, 0.0, 0.0]",False
"[0.365, 1.034, -1.05, -1.24, 0.36, -1.32, 0.0, 0.0]",3,-1.4,"[0.365, 1.026, -1.04, -1.26, 0.37, -1.37, 0.0, 0.0]",False
"[0.296, 1.005, -1.473, -1.437, 0.467, -1.634, 0.0, 0.0]",3,-1.45,"[0.292, 0.996, -1.466, -1.459, 0.441, -1.684, 0.0, 0.0]",False
"[0.292, 0.996, -1.466, -1.459, 0.441, -1.684, 0.0, 0.0]",2,-1.5,"[0.288, 0.987, -1.511, -1.459, 0.417, -1.684, 0.0, 0.0]",False
"[0.365, 1.026, -1.04, -1.26, 0.37, -1.37, 0.0, 0.0]",1,-1.5,"[0.365, 1.018, -1.07, -1.27, 0.38, -1.41, 0.0, 0.0]",False
"[0.288, 0.987, -1.511, -1.459, 0.417, -1.684, 0.0, 0.0]",3,-1.55,"[0.284, 0.978, -1.505, -1.481, 0.391, -1.734, 0.0, 0.0]",False
"[0.278, 0.969, -1.11, -1.06, 0.39, -1.3, 0.0, 0.0]",2,-1.6,"[0.273, 0.96, -1.15, -1.04, 0.37, -1.26, 0.0, 0.0]",False
"[0.284, 0.978, -1.505, -1.481, 0.391, -1.734, 0.0, 0.0]",2,-1.6,"[0.28, 0.969, -1.55, -1.481, 0.367, -1.734, 0.0, 0.0]",False
"[0.365, 1.018, -1.07, -1.27, 0.38, -1.41, 0.0, 0.0]",3,-1.6,"[0.365, 1.01, -1.06, -1.29, 0.39, -1.46, 0.0, 0.0]",False
"[0.28, 0.969, -1.55, -1.481, 0.367, -1.734, 0.0, 0.0]",3,-1.65,"[0.276, 0.96, -1.544, -1.503, 0.341, -1.784, 0.0, 0.0]",False
"[0.365, 1.01, -1.06, -1.29, 0.39, -1.46, 0.0, 0.0]",2,-1.7,"[0.365, 1.002, -1.1, -1.3, 0.4, -1.5, 0.0, 0.0]",False
"[0.365, 1.002, -1.1, -1.3, 0.4, -1.5, 0.0, 0.0]",3,-1.8,"[0.365, 0.994, -1.09, -1.32, 0.41, -1.55, 0.0, 0.0]",False
"[0.365, 0.994, -1.09, -1.32, 0.41, -1.55, 0.0, 0.0]",2,-1.9,"[0.365, 0.986, -1.13, -1.33, 0.42, -1.59, 0.0, 0.0]",False
"[0.282, 0.978, -1.11, -1.04, 0.41, -1.25, 0.0, 0.0]",3,-2.0,"[0.278, 0.969, -1.11, -1.06, 0.39, -1.3, 0.0, 0.0]",False
"[0.365, 0.986, -1.13, -1.33, 0.42, -1.59, 0.0, 0.0]",1,-2.0,"[0.365, 0.978, -1.16, -1.34, 0.43, -1.63, 0.0, 0.0]",False
"[0.316, 1.05, -1.041, -1.373, 0.593, -1.484, 0.0, 0.0]",3,-2.1,"[0.312, 1.041, -1.034, -1.395, 0.569, -1.531, 0.0, 0.0]",False
"[0.316, 1.05, -1.0, -1.0, 0.593, -1.0, 0.0, 0.0]",2,-2.1,"[0.312, 1.041, -1.0, -1.0, 0.569, -1.0, 0.0, 0.0]",False
"[0.312, 1.041, -1.0, -1.0, 0.569, -1.0, 0.0, 0.0]",3,-2.1,"[0.309, 1.032, -1.0, -1.0, 0.544, -1.0, 0.0, 0.0]",False
"[0.309, 1.032, -1.0, -1.0, 0.544, -1.0, 0.0, 0.0]",3,-2.1,"[0.305, 1.023, -1.0, -1.0, 0.519, -1.0, 0.0, 0.0]",False
"[0.305, 1.023, -1.0, -1.0, 0.519, -1.0, 0.0, 0.0]",2,-2.1,"[0.301, 1.014, -1.0, -1.0, 0.494, -1.0, 0.0, 0.0]",False
"[0.301, 1.014, -1.0, -1.0, 0.494, -1.0, 0.0, 0.0]",3,-2.1,"[0.297, 1.005, -1.0, -1.0, 0.469, -1.0, 0.0, 0.0]",False
"[0.297, 1.005, -1.0, -1.0, 0.469, -1.0, 0.0, 0.0]",3,-2.1,"[0.293, 0.996, -1.0, -1.0, 0.444, -1.0, 0.0, 0.0]",False
"[0.293, 0.996, -1.0, -1.0, 0.444, -1.0, 0.0, 0.0]",2,-2.1,"[0.289, 0.987, -1.0, -1.0, 0.419, -1.0, 0.0, 0.0]",False
"[0.289, 0.987, -1.0, -1.0, 0.419, -1.0, 0.0, 0.0]",3,-2.1,"[0.285, 0.978, -1.0, -1.0, 0.394, -1.0, 0.0, 0.0]",False
"[0.285, 0.978, -1.0, -1.0, 0.394, -1.0, 0.0, 0.0]",3,-2.1,"[0.281, 0.969, -1.0, -1.0, 0.369, -1.0, 0.0, 0.0]",False
"[0.281, 0.969, -1.0, -1.0, 0.369, -1.0, 0.0, 0.0]",2,-2.1,"[0.277, 0.96, -1.0, -1.0, 0.344, -1.0, 0.0, 0.0]",False
"[0.365, 0.978, -1.16, -1.34, 0.43, -1.63, 0.0, 0.0]",3,-2.1,"[0.365, 0.97, -1.15, -1.36, 0.44, -1.68, 0.0, 0.0]",False
"[0.316, 1.05, -1.402, -1.371, 0.593, -1.484, 0.0, 0.0]",2,-2.1,"[0.312, 1.041, -1.447, -1.371, 0.568, -1.49, 0.0, 0.0]",False
"[0.316, 1.05, -1.402, -1.371, 0.593, -1.484, 0.0, 0.0]",2,-2.1,"[0.311, 1.039, -1.447, -1.386, 0.569, -1.492, 0.0, 0.0]",False
"[0.316, 1.05, -1.402, -1.371, 0.593, -4.84, 0.0, 0.0]",2,-2.1,"[0.311, 1.041, -1.447, -1.38, 0.568, -4.89, 0.0, 0.0]",False
"[0.311, 1.041, -1.447, -1.38, 0.568, -4.89, 0.0, 0.0]",3,-2.1,"[0.306, 1.032, -1.44, -1.402, 0.541, -4.93, 0.0, 0.0]",False
"[0.311, 1.039, -1.447, -1.386, 0.569, -1.492, 0.0, 0.0]",3,-2.15,"[0.305, 1.028, -1.439, -1.408, 0.544, -1.532, 0.0, 0.0]",False
"[0.312, 1.041, -1.034, -1.395, 0.569, -1.531, 0.0, 0.0]",3,-2.2,"[0.308, 1.032, -1.027, -1.416, 0.544, -1.578, 0.0, 0.0]",False
"[0.312, 1.041, -1.447, -1.371, 0.568, -1.49, 0.0, 0.0]",3,-2.2,"[0.308, 1.032, -1.441, -1.393, 0.542, -1.536, 0.0, 0.0]",False
"[0.305, 1.028, -1.439, -1.408, 0.544, -1.532, 0.0, 0.0]",3,-2.2,"[0.299, 1.016, -1.432, -1.431, 0.519, -1.573, 0.0, 0.0]",False
"[0.306, 1.032, -1.44, -1.402, 0.541, -4.93, 0.0, 0.0]",3,-2.2,"[0.301, 1.023, -1.434, -1.424, 0.514, -4.97, 0.0, 0.0]",False
"[0.301, 1.023, -1.434, -1.424, 0.514, -4.97, 0.0, 0.0]",2,-2.2,"[0.296, 1.014, -1.479, -1.433, 0.489, -5.02, 0.0, 0.0]",False
"[0.296, 1.014, -1.479, -1.433, 0.489, -5.02, 0.0, 0.0]",1,-2.2,"[0.291, 1.005, -1.534, -1.422, 0.514, -4.97, 0.0, 0.0]",False
"[0.299, 1.016, -1.432, -1.431, 0.519, -1.573, 0.0, 0.0]",2,-2.25,"[0.293, 1.004, -1.477, -1.446, 0.494, -1.58, 0.0, 0.0]",False
"[0.308, 1.032, -1.027, -1.416, 0.544, -1.578, 0.0, 0.0]",3,-2.3,"[0.304, 1.023, -1.02, -1.438, 0.519, -1.625, 0.0, 0.0]",False
"[0.304, 1.023, -1.02, -1.438, 0.519, -1.625, 0.0, 0.0]",2,-2.3,"[0.3, 1.014, -1.065, -1.438, 0.494, -1.639, 0.0, 0.0]",False
"[0.308, 1.032, -1.441, -1.393, 0.542, -1.536, 0.0, 0.0]",3,-2.3,"[0.304, 1.023, -1.435, -1.415, 0.515, -1.582, 0.0, 0.0]",False
"[0.293, 1.004, -1.477, -1.446, 0.494, -1.58, 0.0, 0.0]",3,-2.3,"[0.286, 0.991, -1.47, -1.469, 0.468, -1.621, 0.0, 0.0]",False
"[0.291, 1.005, -1.534, -1.422, 0.514, -4.97, 0.0, 0.0]",2,-2.3,"[0.285, 0.996, -1.579, -1.431, 0.489, -5.02, 0.0, 0.0]",False
"[0.005, 1.41, -1.01, -1.05, 0.0, 0.0, 0.0, 0.0]",1,-1.07,"[0.003, 1.405, -1.08, -1.03, -1.02, 0.0, 0.0, 0.0]",False
"[0.003, 1.405, -1.08, -1.03, -1.02, 0.0, 0.0, 0.0]",2,-1.1,"[0.001, 1.399, -1.15, -1.01, -1.04, 0.0, 0.0, 0.0]",False
"[0.001, 1.399, -1.15, -1.01, -1.04, 0.0, 0.0, 0.0]",3,-1.12,"[-2.0, 1.392, -1.12, -1.04, -1.06, 0.0, 0.0, 0.0]",False
"[-2.0, 1.392, -1.12, -1.04, -1.06, 0.0, 0.0, 0.0]",2,-1.15,"[-1.98, 1.384, -1.18, -1.02, -1.08, 0.0, 0.0, 0.0]",False
"[-1.98, 1.384, -1.18, -1.02, -1.08, 0.0, 0.0, 0.0]",1,-1.18,"[-1.96, 1.376, -1.25, -1.0, -1.1, 0.0, 0.0, 0.0]",False
"[-1.96, 1.376, -1.25, -1.0, -1.1, 0.0, 0.0, 0.0]",3,-1.21,"[-1.94, 1.368, -1.22, -1.03, -1.12, 0.0, 0.0, 0.0]",False
"[-1.94, 1.368, -1.22, -1.03, -1.12, 0.0, 0.0, 0.0]",2,-1.24,"[-1.92, 1.36, -1.28, -1.01, -1.14, 0.0, 0.0, 0.0]",False
"[-1.92, 1.36, -1.28, -1.01, -1.14, 0.0, 0.0, 0.0]",1,-1.27,"[-1.9, 1.352, -1.35, -1.0, -1.16, 0.0, 0.0, 0.0]",False
"[-1.9, 1.352, -1.35, -1.0, -1.16, 0.0, 0.0, 0.0]",3,-1.3,"[-1.88, 1.344, -1.32, -1.02, -1.18, 0.0, 0.0, 0.0]",False
"[-1.88, 1.344, -1.32, -1.02, -1.18, 0.0, 0.0, 0.0]",2,-1.33,"[-1.86, 1.336, -1.38, -1.01, -1.2, 0.0, 0.0, 0.0]",False
"[0.0, 1.393, -0.211, -0.379, 0.526, -0.317, 0.0, 0.0]",3,-2.15,"[-0.002, 1.385, -0.207, -0.403, 0.522, -0.356, 0.0, 0.0]",False
"[-0.002, 1.385, -0.207, -0.403, 0.522, -0.356, 0.0, 0.0]",2,-2.18,"[-0.005, 1.377, -0.212, -0.401, 0.518, -0.345, 0.0, 0.0]",False
"[-0.005, 1.377, -0.212, -0.401, 0.518, -0.345, 0.0, 0.0]",1,-2.21,"[-0.008, 1.37, -0.167, -0.405, 0.514, -0.384, 0.0, 0.0]",False
"[-0.008, 1.37, -0.167, -0.405, 0.514, -0.384, 0.0, 0.0]",3,-2.24,"[-0.011, 1.363, -0.159, -0.428, 0.51, -0.423, 0.0, 0.0]",False
"[-0.011, 1.363, -0.159, -0.428, 0.51, -0.423, 0.0, 0.0]",2,-2.27,"[-0.014, 1.355, -0.204, -0.423, 0.506, -0.411, 0.0, 0.0]",False
"[-0.014, 1.355, -0.204, -0.423, 0.506, -0.411, 0.0, 0.0]",3,-2.3,"[-0.017, 1.347, -0.194, -0.446, 0.502, -0.45, 0.0, 0.0]",False
"[-0.017, 1.347, -0.194, -0.446, 0.502, -0.45, 0.0, 0.0]",2,-2.33,"[-0.02, 1.339, -0.239, -0.441, 0.498, -0.438, 0.0, 0.0]",False
"[-0.02, 1.339, -0.239, -0.441, 0.498, -0.438, 0.0, 0.0]",1,-2.36,"[-0.023, 1.332, -0.184, -0.445, 0.494, -0.477, 0.0, 0.0]",False
"[-0.023, 1.332, -0.184, -0.445, 0.494, -0.477, 0.0, 0.0]",3,-2.39,"[-0.026, 1.324, -0.176, -0.468, 0.49, -0.516, 0.0, 0.0]",False
"[-0.026, 1.324, -0.176, -0.468, 0.49, -0.516, 0.0, 0.0]",2,-2.42,"[-0.029, 1.316, -0.221, -0.463, 0.486, -0.504, 0.0, 0.0]",False
"[-1.0, 1.4, -1.2, -1.1, 0.3, 0.8, 0.0, 0.0]",1,-2.8,"[-1.02, 1.39, -1.15, -1.18, 0.28, 0.75, 0.0, 0.0]",False
"[0.018, 1.449, -0.165, -0.269, 0.599, -0.064, 0.0, 0.0]",1,-2.8,"[0.017, 1.443, -0.173, -0.259, 0.595, -0.11, 0.0, 0.0]",False
"[-1.02, 1.39, -1.15, -1.18, 0.28, 0.75, 0.0, 0.0]",2,-3.0,"[-1.04, 1.38, -1.2, -1.22, 0.25, 0.72, 0.0, 0.0]",False
"[-1.04, 1.38, -1.2, -1.22, 0.25, 0.72, 0.0, 0.0]",3,-3.1,"[-1.06, 1.37, -1.18, -1.25, 0.22, 0.69, 0.0, 0.0]",False
"[0.0, 1.399, -1.21, -2.49, 0.527, -1.25, 0.0, 0.0]",2,-3.1,"[-1.003, 1.39, -1.26, -2.47, 0.511, -1.27, 0.0, 0.0]",False
"[0.017, 1.443, -0.173, -0.259, 0.595, -0.11, 0.0, 0.0]",2,-3.1,"[0.015, 1.438, -0.219, -0.234, 0.592, -0.106, 0.0, 0.0]",False
"[0.014, 1.446, -1.13, -2.37, 0.597, -1.152, 0.0, 0.0]",3,-3.1,"[0.012, 1.44, -1.124, -2.404, 0.591, -1.189, 0.0, 0.0]",False
"[0.018, 1.449, -1.165, -2.269, 0.599, -1.064, 0.0, 0.0]",2,-3.2,"[0.016, 1.444, -1.211, -2.244, 0.596, -1.059, 0.0, 0.0]",False
"[-1.06, 1.37, -1.18, -1.25, 0.22, 0.69, 0.0, 0.0]",3,-3.2,"[-1.08, 1.36, -1.16, -1.28, 0.19, 0.66, 0.0, 0.0]",False
"[0.015, 1.452, -1.12, -2.34, 0.601, -1.108, 0.0, 0.0]",1,-3.2,"[0.014, 1.446, -1.13, -2.37, 0.597, -1.152, 0.0, 0.0]",False
"[0.018, 1.449, -1.165, -2.269, 0.599, -1.064, 0.0, 0.0]",2,-3.3,"[0.016, 1.444, -1.211, -2.244, 0.596, -1.059, 0.0, 0.0]",False
"[-1.08, 1.36, -1.16, -1.28, 0.19, 0.66, 0.0, 0.0]",2,-3.3,"[-1.1, 1.35, -1.21, -1.3, 0.16, 0.63, 0.0, 0.0]",False
"[0.003, 1.407, -1.22, -2.45, 0.543, -1.21, 0.0, 0.0]",3,-3.3,"[0.0, 1.399, -1.21, -2.49, 0.527, -1.25, 0.0, 0.0]",False
"[0.012, 1.44, -1.124, -2.404, 0.591, -1.189, 0.0, 0.0]",2,-3.3,"[0.009, 1.433, -1.171, -2.399, 0.582, -1.203, 0.0, 0.0]",False
"[0.016, 1.444, -1.211, -2.244, 0.596, -1.059, 0.0, 0.0]",3,-3.4,"[0.014, 1.438, -1.204, -2.267, 0.592, -1.097, 0.0, 0.0]",False
"[0.016, 1.444, -1.211, -2.244, 0.596, -1.059, 0.0, 0.0]",3,-3.4,"[0.014, 1.438, -1.204, -2.267, 0.592, -1.097, 0.0, 0.0]",False
"[-1.1, 1.35, -1.21, -1.3, 0.16, 0.63, 0.0, 0.0]",1,-3.4,"[-1.12, 1.34, -1.24, -1.32, 0.13, 0.6, 0.0, 0.0]",False
"[0.015, 1.438, -0.219, -0.234, 0.592, -0.106, 0.0, 0.0]",3,-3.4,"[0.013, 1.432, -0.212, -0.257, 0.588, -0.144, 0.0, 0.0]",False
"[0.009, 1.433, -1.171, -2.399, 0.582, -1.203, 0.0, 0.0]",3,-3.4,"[0.006, 1.425, -1.165, -2.433, 0.57, -1.241, 0.0, 0.0]",False
"[0.019, 1.455, -1.157, -2.239, 0.603, -1.108, 0.0, 0.0]",1,-3.5,"[0.018, 1.449, -1.165, -2.269, 0.599, -1.064, 0.0, 0.0]",False
"[0.014, 1.438, -1.204, -2.267, 0.592, -1.097, 0.0, 0.0]",3,-3.5,"[0.012, 1.431, -1.196, -2.291, 0.585, -1.136, 0.0, 0.0]",False
"[0.019, 1.455, -1.157, -2.239, 0.603, -1.108, 0.0, 0.0]",1,-3.5,"[0.018, 1.449, -1.165, -2.269, 0.599, -1.064, 0.0, 0.0]",False
"[-1.12, 1.34, -1.24, -1.32, 0.13, 0.6, 0.0, 0.0]",3,-3.5,"[-1.14, 1.33, -1.22, -1.35, 0.1, 0.57, 0.0, 0.0]",False
"[0.006, 1.415, -1.17, -2.47, 0.558, -1.19, 0.0, 0.0]",2,-3.5,"[0.003, 1.407, -1.22, -2.45, 0.543, -1.21, 0.0, 0.0]",False
"[0.006, 1.425, -1.165, -2.433, 0.57, -1.241, 0.0, 0.0]",1,-3.5,"[0.003, 1.417, -1.174, -2.462, 0.556, -1.277, 0.0, 0.0]",False
"[0.012, 1.431, -1.196, -2.291, 0.585, -1.136, 0.0, 0.0]",3,-3.6,"[0.01, 1.424, -1.19, -2.314, 0.576, -1.173, 0.0, 0.0]",False
"[0.01, 1.424, -1.19, -2.314, 0.576, -1.173, 0.0, 0.0]",2,-3.6,"[0.007, 1.417, -1.238, -2.309, 0.567, -1.187, 0.0, 0.0]",False
"[0.014, 1.438, -1.204, -2.267, 0.592, -1.097, 0.0, 0.0]",3,-3.6,"[0.012, 1.431, -1.196, -2.291, 0.585, -1.136, 0.0, 0.0]",False
"[-1.14, 1.33, -1.22, -1.35, 0.1, 0.57, 0.0, 0.0]",2,-3.6,"[-1.16, 1.32, -1.27, -1.37, 0.07, 0.54, 0.0, 0.0]",False
"[0.003, 1.417, -1.174, -2.462, 0.556, -1.277, 0.0, 0.0]",2,-3.6,"[0.0, 1.408, -1.221, -2.457, 0.541, -1.291, 0.0, 0.0]",False
"[0.119, 0.336, 0.2, -1.27, -1.27, -1.27, -1.27, -1.27]",1,-1.01,"[0.121, 0.333, 0.196, -1.297, -1.297, -1.297, -1.297, -1.297]",False
"[0.119, 0.336, 0.2, -1.23, -1.27, -1.563, 0.0, 0.0]",1,-1.02,"[0.121, 0.333, 0.195, -1.245, -1.297, -1.503, 0.0, 0.0]",False
"[0.119, 0.336, 0.2, -1.23, -1.27, -1.563, 0.0, 0.0]",1,-1.03,"[0.121, 0.334, 0.195, -1.25, -1.3, -1.5, 0.0, 0.0]",False
"[0.119, 0.336, 0.2, -1.23, -1.27, -1.563, 0.0, 0.0]",1,-1.03,"[0.121, 0.334, 0.195, -1.25, -1.3, -1.502, 0.0, 0.0]",False
"[0.121, 0.333, 0.196, -1.297, -1.297, -1.297, -1.297, -1.297]",2,-1.04,"[0.123, 0.33, 0.191, -1.324, -1.324, -1.324, -1.324, -1.324]",False
"[0.125, 0.33, 0.183, -1.29, -1.36, -1.58, 0.0, 0.0]",3,-1.06,"[0.127, 0.328, 0.177, -1.31, -1.39, -1.619, 0.0, 0.0]",False
"[0.123, 0.33, 0.191, -1.324, -1.324, -1.324, -1.324, -1.324]",2,-1.07,"[0.125, 0.327, 0.186, -1.351, -1.351, -1.351, -1.351, -1.351]",False
"[0.129, 0.326, 0.171, -1.33, -1.42, -1.658, 0.0, 0.0]",1,-1.08,"[0.131, 0.324, 0.165, -1.35, -1.45, -1.597, 0.0, 0.0]",False
"[0.125, 0.327, 0.186, -1.351, -1.351, -1.351, -1.351, -1.351]",1,-1.1,"[0.127, 0.324, 0.181, -1.378, -1.378, -1.378, -1.378, -1.378]",False
"[0.121, 0.335, 0.196, -1.141, -1.297, -1.503, 0.0, 0.0]",1,-1.12,"[0.123, 0.333, 0.192, -1.159, -1.324, -1.444, 0.0, 0.0]",False
"[0.137, 0.318, 0.147, -1.41, -1.54, -1.714, 0.0, 0.0]",1,-1.13,"[0.139, 0.316, 0.141, -1.43, -1.57, -1.653, 0.0, 0.0]",False
"[0.127, 0.324, 0.181, -1.378, -1.378, -1.378, -1.378, -1.378]",1,-1.13,"[0.129, 0.321, 0.176, -1.405, -1.405, -1.405, -1.405, -1.405]",False
"[0.129, 0.321, 0.176, -1.405, -1.405, -1.405, -1.405, -1.405]",2,-1.16,"[0.131, 0.318, 0.171, -1.432, -1.432, -1.432, -1.432, -1.432]",False
"[0.131, 0.318, 0.171, -1.432, -1.432, -1.432, -1.432, -1.432]",3,-1.19,"[0.133, 0.315, 0.166, -1.459, -1.459, -1.459, -1.459, -1.459]",False
"[0.119, 0.336, 0.2, -1.23, -1.27, -1.563, 0.0, 0.0]",1,-1.2,"[0.121, 0.334, 0.195, -1.25, -1.3, -1.503, 0.0, 0.0]",False
"[0.133, 0.315, 0.166, -1.459, -1.459, -1.459, -1.459, -1.459]",2,-1.22,"[0.135, 0.312, 0.161, -1.486, -1.486, -1.486, -1.486, -1.486]",False
"[0.123, 0.333, 0.192, -1.159, -1.324, -1.444, 0.0, 0.0]",2,-1.25,"[0.125, 0.331, 0.187, -1.179, -1.352, -1.385, 0.0, 0.0]",False
"[0.121, 0.334, 0.195, -1.25, -1.3, -1.503, 0.0, 0.0]",1,-1.25,"[0.123, 0.331, 0.19, -1.27, -1.33, -1.442, 0.0, 0.0]",False
"[0.135, 0.312, 0.161, -1.486, -1.486, -1.486, -1.486, -1.486]",2,-1.25,"[0.137, 0.309, 0.156, -1.513, -1.513, -1.513, -1.513, -1.513]",False
"[0.137, 0.309, 0.156, -1.513, -1.513, -1.513, -1.513, -1.513]",1,-1.28,"[0.139, 0.306, 0.151, -1.54, -1.54, -1.54, -1.54, -1.54]",False
"[0.123, 0.331, 0.19, -1.27, -1.33, -1.442, 0.0, 0.0]",1,-1.3,"[0.125, 0.328, 0.185, -1.29, -1.36, -1.381, 0.0, 0.0]",False
"[0.121, 0.334, 0.195, -1.25, -1.3, -1.502, 0.0, 0.0]",2,-1.33,"[0.123, 0.332, 0.189, -1.27, -1.33, -1.541, 0.0, 0.0]",False
"[0.121, 0.333, 0.195, -1.245, -1.297, -1.503, 0.0, 0.0]",2,-1.33,"[0.123, 0.331, 0.192, -1.26, -1.324, -1.442, 0.0, 0.0]",False
"[0.125, 0.328, 0.185, -1.29, -1.36, -1.381, 0.0, 0.0]",2,-1.35,"[0.127, 0.325, 0.18, -1.31, -1.39, -1.32, 0.0, 0.0]",False
"[0.121, 0.334, 0.195, -1.25, -1.3, -1.5, 0.0, 0.0]",2,-1.36,"[0.123, 0.332, 0.19, -1.27, -1.33, -1.44, 0.0, 0.0]",False
"[0.125, 0.331, 0.187, -1.179, -1.352, -1.385, 0.0, 0.0]",3,-1.38,"[0.127, 0.329, 0.183, -1.197, -1.379, -1.326, 0.0, 0.0]",False
"[0.123, 0.331, 0.192, -1.26, -1.324, -1.442, 0.0, 0.0]",2,-1.38,"[0.125, 0.329, 0.188, -1.275, -1.35, -1.381, 0.0, 0.0]",False
"[0.127, 0.325, 0.18, -1.31, -1.39, -1.32, 0.0, 0.0]",2,-1.4,"[0.129, 0.322, 0.175, -1.33, -1.42, -1.259, 0.0, 0.0]",False
"[0.125, 0.329, 0.188, -1.275, -1.35, -1.381, 0.0, 0.0]",2,-1.43,"[0.127, 0.327, 0.184, -1.29, -1.376, -1.32, 0.0, 0.0]",False
"[0.129, 0.322, 0.175, -1.33, -1.42, -1.259, 0.0, 0.0]",2,-1.45,"[0.131, 0.319, 0.17, -1.35, -1.45, -1.198, 0.0, 0.0]",False
"[0.127, 0.327, 0.184, -1.29, -1.376, -1.32, 0.0, 0.0]",1,-1.48,"[0.129, 0.325, 0.179, -1.305, -1.402, -1.259, 0.0, 0.0]",False
"[0.131, 0.319, 0.17, -1.35, -1.45, -1.198, 0.0, 0.0]",3,-1.5,"[0.133, 0.316, 0.165, -1.37, -1.48, -1.137, 0.0, 0.0]",False
"[0.127, 0.329, 0.183, -1.197, -1.379, -1.326, 0.0, 0.0]",1,-1.51,"[0.129, 0.327, 0.179, -1.216, -1.406, -1.267, 0.0, 0.0]",False
"[0.129, 0.325, 0.179, -1.305, -1.402, -1.259, 0.0, 0.0]",1,-1.53,"[0.131, 0.323, 0.175, -1.32, -1.428, -1.198, 0.0, 0.0]",False
"[0.133, 0.316, 0.165, -1.37, -1.48, -1.137, 0.0, 0.0]",3,-1.55,"[0.135, 0.313, 0.16, -1.39, -1.51, -1.076, 0.0, 0.0]",False
"[0.119, 0.336, 0.2, -1.23, -1.27, -1.563, 0.0, 0.0]",1,-1.58,"[0.121, 0.333, 0.196, -1.25, -1.298, -1.505, 0.0, 0.0]",False
"[0.131, 0.323, 0.175, -1.32, -1.428, -1.198, 0.0, 0.0]",1,-1.58,"[0.133, 0.321, 0.17, -1.335, -1.454, -1.137, 0.0, 0.0]",False
"[0.135, 0.313, 0.16, -1.39, -1.51, -1.076, 0.0, 0.0]",3,-1.6,"[0.137, 0.31, 0.155, -1.41, -1.54, -1.015, 0.0, 0.0]",False
"[0.121, 0.333, 0.196, -1.25, -1.298, -1.505, 0.0, 0.0]",2,-1.62,"[0.123, 0.331, 0.192, -1.27, -1.326, -1.552, 0.0, 0.0]",False
"[0.123, 0.332, 0.19, -1.27, -1.33, -1.44, 0.0, 0.0]",2,-1.63,"[0.125, 0.33, 0.185, -1.29, -1.36, -1.38, 0.0, 0.0]",False
"[0.123, 0.332, 0.189, -1.27, -1.33, -1.541, 0.0, 0.0]",2,-1.63,"[0.125, 0.33, 0.183, -1.29, -1.36, -1.58, 0.0, 0.0]",False
"[0.133, 0.321, 0.17, -1.335, -1.454, -1.137, 0.0, 0.0]",2,-1.63,"[0.135, 0.319, 0.166, -1.35, -1.48, -1.076, 0.0, 0.0]",False
"[0.129, 0.327, 0.179, -1.216, -1.406, -1.267, 0.0, 0.0]",2,-1.64,"[0.131, 0.325, 0.174, -1.235, -1.433, -1.208, 0.0, 0.0]",False
"[0.137, 0.31, 0.155, -1.41, -1.54, -1.015, 0.0, 0.0]",3,-1.65,"[0.139, 0.307, 0.15, -1.43, -1.57, -1.0, 0.0, 0.0]",False
"[0.123, 0.331, 0.192, -1.27, -1.326, -1.552, 0.0, 0.0]",3,-1.66,"[0.125, 0.329, 0.189, -1.29, -1.355, -1.601, 0.0, 0.0]",False
"[0.135, 0.319, 0.166, -1.35, -1.48, -1.076, 0.0, 0.0]",2,-1.68,"[0.137, 0.317, 0.162, -1.365, -1.506, -1.015, 0.0, 0.0]",False
"[0.125, 0.329, 0.189, -1.29, -1.355, -1.601, 0.0, 0.0]",2,-1.7,"[0.127, 0.327, 0.185, -1.31, -1.384, -1.65, 0.0, 0.0]",False
"[0.127, 0.328, 0.177, -1.31, -1.39, -1.619, 0.0, 0.0]",2,-1.73,"[0.129, 0.326, 0.171, -1.33, -1.42, -1.658, 0.0, 0.0]",False
"[0.137, 0.317, 0.162, -1.365, -1.506, -1.015, 0.0, 0.0]",2,-1.73,"[0.139, 0.315, 0.158, -1.38, -1.532, -1.954, 0.0, 0.0]",False
"[0.127, 0.327, 0.185, -1.31, -1.384, -1.65, 0.0, 0.0]",1,-1.74,"[0.129, 0.325, 0.181, -1.33, -1.413, -1.599, 0.0, 0.0]",False
"[0.011, 1.14, -1.564, -1.285, 0.204, -1.587, 0.0, 0.0]",2,-1.2,"[0.004, 1.134, -1.592, -1.252, 0.174, -1.595, 0.0, 0.0]",False
"[0.017, 1.147, -1.537, -1.324, 0.234, -1.572, 0.0, 0.0]",2,-1.2,"[0.012, 1.141, -1.573, -1.288, 0.205, -1.586, 0.0, 0.0]",False
"[0.052, 1.215, -0.277, -0.448, 0.449, -0.519, 0.0, 0.0]",3,-1.2,"[0.049, 1.206, -0.285, -0.431, 0.423, -0.512, 0.0, 0.0]",False
"[0.016, 1.146, -1.528, -1.321, 0.233, -1.573, 0.0, 0.0]",0,-1.3,"[0.011, 1.14, -1.564, -1.285, 0.204, -1.587, 0.0, 0.0]",False
"[0.023, 1.154, -1.505, -1.337, 0.263, -1.557, 0.0, 0.0]",2,-1.3,"[0.017, 1.147, -1.537, -1.324, 0.234, -1.572, 0.0, 0.0]",False
"[0.049, 1.205, -0.319, -0.424, 0.423, -0.524, 0.0, 0.0]",2,-1.3,"[0.045, 1.197, -0.345, -0.402, 0.398, -0.528, 0.0, 0.0]",False
"[0.022, 1.153, -1.496, -1.334, 0.262, -1.558, 0.0, 0.0]",2,-1.4,"[0.016, 1.146, -1.528, -1.321, 0.233, -1.573, 0.0, 0.0]",False
"[0.028, 1.162, -1.467, -1.358, 0.291, -1.541, 0.0, 0.0]",2,-1.4,"[0.023, 1.154, -1.505, -1.337, 0.263, -1.557, 0.0, 0.0]",False
"[0.041, 1.187, -0.376, -0.394, 0.371, -0.526, 0.0, 0.0]",2,-1.4,"[0.037, 1.179, -0.41, -0.389, 0.345, -0.539, 0.0, 0.0]",False
"[0.027, 1.161, -1.458, -1.355, 0.29, -1.542, 0.0, 0.0]",2,-1.5,"[0.022, 1.153, -1.496, -1.334, 0.262, -1.558, 0.0, 0.0]",False
"[0.033, 1.17, -1.441, -1.381, 0.318, -1.54, 0.0, 0.0]",2,-1.5,"[0.028, 1.162, -1.467, -1.358, 0.291, -1.541, 0.0, 0.0]",False
"[0.037, 1.178, -0.408, -0.391, 0.344, -0.539, 0.0, 0.0]",2,-1.5,"[0.033, 1.17, -0.432, -0.378, 0.318, -0.542, 0.0, 0.0]",False
"[0.032, 1.169, -1.432, -1.378, 0.317, -1.541, 0.0, 0.0]",2,-1.6,"[0.027, 1.161, -1.458, -1.355, 0.29, -1.542, 0.0, 0.0]",False
"[0.038, 1.179, -1.417, -1.394, 0.345, -1.538, 0.0, 0.0]",2,-1.6,"[0.033, 1.17, -1.441, -1.381, 0.318, -1.54, 0.0, 0.0]",False
"[0.032, 1.169, -0.432, -0.378, 0.317, -0.541, 0.0, 0.0]",2,-1.6,"[0.028, 1.162, -0.458, -0.355, 0.291, -0.543, 0.0, 0.0]",False
"[0.037, 1.178, -1.408, -1.391, 0.344, -1.539, 0.0, 0.0]",1,-1.7,"[0.032, 1.169, -1.432, -1.378, 0.317, -1.541, 0.0, 0.0]",False
"[0.042, 1.188, -1.385, -1.397, 0.372, -1.525, 0.0, 0.0]",2,-1.7,"[0.038, 1.179, -1.417, -1.394, 0.345, -1.538, 0.0, 0.0]",False
"[0.027, 1.161, -0.458, -0.355, 0.29, -0.542, 0.0, 0.0]",2,-1.7,"[0.022, 1.154, -0.496, -0.334, 0.264, -0.558, 0.0, 0.0]",False
"[0.041, 1.187, -1.376, -1.394, 0.371, -1.526, 0.0, 0.0]",2,-1.8,"[0.037, 1.178, -1.408, -1.391, 0.344, -1.539, 0.0, 0.0]",False
"[0.046, 1.197, -1.351, -1.402, 0.398, -1.512, 0.0, 0.0]",2,-1.8,"[0.042, 1.188, -1.385, -1.397, 0.372, -1.525, 0.0, 0.0]",False
"[0.022, 1.153, -0.496, -0.334, 0.262, -0.558, 0.0, 0.0]",2,-1.8,"[0.018, 1.147, -0.528, -0.321, 0.235, -0.574, 0.0, 0.0]",False
"[0.045, 1.196, -1.342, -1.399, 0.397, -1.514, 0.0, 0.0]",2,-1.9,"[0.041, 1.187, -1.376, -1.394, 0.371, -1.526, 0.0, 0.0]",False
"[0.049, 1.205, -1.319, -1.424, 0.423, -1.524, 0.0, 0.0]",1,-1.9,"[0.046, 1.197, -1.351, -1.402, 0.398, -1.512, 0.0, 0.0]",False
"[0.016, 1.146, -0.528, -0.321, 0.233, -0.573, 0.0, 0.0]",2,-1.9,"[0.012, 1.141, -0.564, -0.285, 0.204, -0.587, 0.0, 0.0]",False
"[-1.006, 0.695, -1.055, 0.795, -1.182, 0.572, -1.537, 0.354]",2,-1.9,"[-1.008, 0.685, -1.047, 0.812, -1.206, 0.544, -1.583, 0.32]",False
"[0.049, 1.205, -1.319, -1.424, 0.423, -1.524, 0.0, 0.0]",2,-2.0,"[0.045, 1.196, -1.342, -1.399, 0.397, -1.514, 0.0, 0.0]",False
"[0.052, 1.215, -1.277, -1.448, 0.449, -1.519, 0.0, 0.0]",2,-2.0,"[0.049, 1.205, -1.319, -1.424, 0.423, -1.524, 0.0, 0.0]",False
"[0.049, 1.205, -1.319, -1.424, 0.423, -1.524, 0.0, 0.0]",2,-2.0,"[0.045, 1.196, -1.342, -1.399, 0.397, -1.514, 0.0, 0.0]",False
"[0.045, 1.196, -1.342, -1.399, 0.397, -1.514, 0.0, 0.0]",2,-2.0,"[0.041, 1.187, -1.376, -1.394, 0.371, -1.526, 0.0, 0.0]",False
"[0.041, 1.187, -1.376, -1.394, 0.371, -1.526, 0.0, 0.0]",1,-2.0,"[0.037, 1.178, -1.408, -1.391, 0.344, -1.539, 0.0, 0.0]",False
"[0.037, 1.178, -1.408, -1.391, 0.344, -1.539, 0.0, 0.0]",2,-2.0,"[0.032, 1.169, -1.432, -1.378, 0.317, -1.541, 0.0, 0.0]",False
"[0.032, 1.169, -1.432, -1.378, 0.317, -1.541, 0.0, 0.0]",2,-2.0,"[0.027, 1.161, -1.458, -1.355, 0.29, -1.542, 0.0, 0.0]",False
"[0.027, 1.161, -1.458, -1.355, 0.29, -1.542, 0.0, 0.0]",2,-2.0,"[0.022, 1.153, -1.496, -1.334, 0.262, -1.558, 0.0, 0.0]",False
"[0.022, 1.153, -1.496, -1.334, 0.262, -1.558, 0.0, 0.0]",2,-2.0,"[0.016, 1.146, -1.528, -1.321, 0.233, -1.573, 0.0, 0.0]",False
"[0.016, 1.146, -1.528, -1.321, 0.233, -1.573, 0.0, 0.0]",2,-2.0,"[0.011, 1.14, -1.564, -1.285, 0.204, -1.587, 0.0, 0.0]",False
"[0.011, 1.14, -1.564, -1.285, 0.204, -1.587, 0.0, 0.0]",2,-2.0,"[0.004, 1.134, -1.592, -1.252, 0.174, -1.595, 0.0, 0.0]",False
"[0.011, 1.14, -0.564, -0.285, 0.204, -0.587, 0.0, 0.0]",1,-2.0,"[0.007, 1.135, -0.592, -0.252, 0.175, -0.596, 0.0, 0.0]",False
"[-1.004, 0.705, -1.063, 0.778, -1.158, 0.6, -1.491, 0.388]",2,-2.0,"[-1.006, 0.695, -1.055, 0.795, -1.182, 0.572, -1.537, 0.354]",False
"[0.052, 1.215, -1.277, -1.448, 0.449, -1.519, 0.0, 0.0]",3,-2.1,"[0.049, 1.205, -1.319, -1.424, 0.423, -1.524, 0.0, 0.0]",False
"[0.055, 1.225, -1.288, -1.425, 0.475, -1.467, 0.0, 0.0]",3,-2.1,"[0.052, 1.215, -1.277, -1.448, 0.449, -1.519, 0.0, 0.0]",False
"[0.052, 1.215, -1.277, -1.448, 0.449, -1.519, 0.0, 0.0]",3,-2.1,"[0.049, 1.205, -1.319, -1.424, 0.423, -1.524, 0.0, 0.0]",False
"[0.001, 1.13, -1.011, -1.112, 0.112, -1.023, 0.0, 0.0]",3,-2.1,"[-1.006, 1.12, -1.034, -1.135, 0.086, -1.035, 0.0, 0.0]",False
"[-1.006, 1.12, -1.034, -1.135, 0.086, -1.035, 0.0, 0.0]",2,-2.1,"[-1.012, 1.111, -1.058, -1.159, 0.06, -1.042, 0.0, 0.0]",False
"[-1.012, 1.111, -1.058, -1.159, 0.06, -1.042, 0.0, 0.0]",2,-2.1,"[-1.019, 1.103, -1.083, -1.184, 0.034, -1.049, 0.0, 0.0]",False
"[-1.019, 1.103, -1.083, -1.184, 0.034, -1.049, 0.0, 0.0]",2,-2.1,"[-1.026, 1.094, -1.109, -1.209, 0.008, -1.056, 0.0, 0.0]",False
"[-1.026, 1.094, -1.109, -1.209, 0.008, -1.056, 0.0, 0.0]",2,-2.1,"[-1.033, 1.086, -1.136, -1.235, -1.018, -1.063, 0.0, 0.0]",False
"[0.058, 1.235, -1.25, -1.25, 0.5, -4.67, 0.0, 0.0]",3,-2.1,"[0.055, 1.225, -1.26, -1.24, 0.48, -4.72, 0.0, 0.0]",False
"[0.004, 1.134, -0.592, -0.252, 0.174, -0.595, 0.0, 0.0]",2,-2.1,"[-0.001, 1.129, -0.6, -0.226, 0.145, -0.589, 0.0, 0.0]",False
"[-1.002, 0.715, -1.071, 0.761, -1.134, 0.628, -1.445, 0.422]",2,-2.1,"[-1.004, 0.705, -1.063, 0.778, -1.158, 0.6, -1.491, 0.388]",False
"[-1.0, 0.725, -1.079, 0.744, -1.11, 0.656, -1.399, 0.456]",2,-2.2,"[-1.002, 0.715, -1.071, 0.761, -1.134, 0.628, -1.445, 0.422]",False
"[0.094, 1.232, -1.223, -1.472, 0.518, -1.457, 0.0, 0.0]",2,-1.2,"[0.091, 1.222, -1.264, -1.466, 0.495, -1.468, 0.0, 0.0]",False
"[0.039, 1.119, -1.532, -1.352, 0.24, -1.443, 0.0, 0.0]",2,-1.2,"[0.033, 1.111, -1.549, -1.35, 0.217, -1.449, 0.0, 0.0]",False
"[0.091, 1.222, -1.264, -1.466, 0.495, -1.468, 0.0, 0.0]",1,-1.3,"[0.087, 1.211, -1.307, -1.454, 0.471, -1.478, 0.0, 0.0]",False
"[0.045, 1.127, -1.518, -1.359, 0.262, -1.442, 0.0, 0.0]",2,-1.3,"[0.039, 1.119, -1.532, -1.352, 0.24, -1.443, 0.0, 0.0]",False
"[0.087, 1.211, -1.307, -1.454, 0.471, -1.478, 0.0, 0.0]",3,-1.4,"[0.084, 1.202, -1.359, -1.42, 0.447, -1.483, 0.0, 0.0]",False
"[0.05, 1.135, -1.517, -1.366, 0.284, -1.455, 0.0, 0.0]",3,-1.4,"[0.045, 1.127, -1.518, -1.359, 0.262, -1.442, 0.0, 0.0]",False
"[0.084, 1.202, -1.359, -1.42, 0.447, -1.483, 0.0, 0.0]",0,-1.5,"[0.08, 1.191, -1.367, -1.45, 0.425, -1.445, 0.0, 0.0]",False
"[0.039, 1.133, -1.533, -1.349, 0.32, -1.473, 0.0, 0.0]",2,-1.5,"[0.033, 1.122, -1.544, -1.342, 0.298, -1.46, 0.0, 0.0]",False
"[0.055, 1.143, -1.507, -1.397, 0.307, -1.472, 0.0, 0.0]",2,-1.5,"[0.05, 1.135, -1.517, -1.366, 0.284, -1.455, 0.0, 0.0]",False
"[0.08, 1.191, -1.367, -1.45, 0.425, -1.445, 0.0, 0.0]",2,-1.6,"[0.076, 1.181, -1.4, -1.449, 0.402, -1.458, 0.0, 0.0]",False
"[0.051, 1.155, -1.497, -1.385, 0.364, -1.482, 0.0, 0.0]",2,-1.6,"[0.045, 1.144, -1.518, -1.361, 0.342, -1.475, 0.0, 0.0]",False
"[0.045, 1.144, -1.518, -1.361, 0.342, -1.475, 0.0, 0.0]",2,-1.6,"[0.039, 1.133, -1.533, -1.349, 0.32, -1.473, 0.0, 0.0]",False
"[0.061, 1.152, -1.492, -1.405, 0.331, -1.474, 0.0, 0.0]",2,-1.6,"[0.055, 1.143, -1.507, -1.397, 0.307, -1.472, 0.0, 0.0]",False
"[0.076, 1.181, -1.4, -1.449, 0.402, -1.458, 0.0, 0.0]",2,-1.7,"[0.071, 1.171, -1.443, -1.427, 0.378, -1.469, 0.0, 0.0]",False
"[0.063, 1.177, -1.426, -1.405, 0.408, -1.459, 0.0, 0.0]",2,-1.7,"[0.057, 1.166, -1.469, -1.383, 0.386, -1.47, 0.0, 0.0]",False
"[0.057, 1.166, -1.469, -1.383, 0.386, -1.47, 0.0, 0.0]",2,-1.7,"[0.051, 1.155, -1.497, -1.385, 0.364, -1.482, 0.0, 0.0]",False
"[0.066, 1.162, -1.471, -1.429, 0.354, -1.481, 0.0, 0.0]",1,-1.7,"[0.061, 1.152, -1.492, -1.405, 0.331, -1.474, 0.0, 0.0]",False
"[0.071, 1.171, -1.443, -1.427, 0.378, -1.469, 0.0, 0.0]",2,-1.8,"[0.066, 1.162, -1.471, -1.429, 0.354, -1.481, 0.0, 0.0]",False
"[0.069, 1.188, -1.383, -1.406, 0.43, -1.446, 0.0, 0.0]",2,-1.8,"[0.063, 1.177, -1.426, -1.405, 0.408, -1.459, 0.0, 0.0]",False
"[0.071, 1.171, -1.443, -1.427, 0.378, -1.469, 0.0, 0.0]",2,-1.8,"[0.066, 1.162, -1.471, -1.429, 0.354, -1.481, 0.0, 0.0]",False
"[0.066, 1.162, -1.471, -1.429, 0.354, -1.481, 0.0, 0.0]",2,-1.9,"[0.061, 1.152, -1.492, -1.405, 0.331, -1.474, 0.0, 0.0]",False
"[0.081, 1.21, -1.298, -1.454, 0.474, -1.479, 0.0, 0.0]",2,-1.9,"[0.074, 1.199, -1.341, -1.42, 0.452, -1.484, 0.0, 0.0]",False
"[0.076, 1.181, -1.4, -1.449, 0.402, -1.458, 0.0, 0.0]",3,-1.9,"[0.071, 1.171, -1.423, -1.437, 0.378, -1.469, 0.0, 0.0]",False
"[0.061, 1.152, -1.492, -1.405, 0.331, -1.474, 0.0, 0.0]",2,-2.0,"[0.055, 1.143, -1.507, -1.397, 0.307, -1.472, 0.0, 0.0]",False
"[0.084, 1.202, -1.359, -1.42, 0.447, -1.483, 0.0, 0.0]",2,-2.0,"[0.08, 1.191, -1.392, -1.429, 0.425, -1.474, 0.0, 0.0]",False
"[0.094, 1.232, -1.223, -1.472, 0.518, -1.457, 0.0, 0.0]",1,-2.1,"[0.092, 1.225, -1.254, -1.461, 0.498, -1.465, 0.0, 0.0]",False
"[0.055, 1.143, -1.507, -1.397, 0.307, -1.472, 0.0, 0.0]",2,-2.1,"[0.05, 1.135, -1.517, -1.366, 0.284, -1.455, 0.0, 0.0]",False
"[0.094, 1.232, -1.223, -1.472, 0.518, -1.457, 0.0, 0.0]",1,-2.1,"[0.088, 1.221, -1.261, -1.466, 0.496, -1.468, 0.0, 0.0]",False
"[0.088, 1.221, -1.261, -1.466, 0.496, -1.468, 0.0, 0.0]",3,-2.1,"[0.081, 1.21, -1.298, -1.454, 0.474, -1.479, 0.0, 0.0]",False
"[0.094, 1.232, -1.223, -1.472, 0.518, -1.457, 0.0, 0.0]",2,-2.1,"[0.091, 1.222, -1.264, -1.466, 0.495, -1.468, 0.0, 0.0]",False
"[0.091, 1.222, -1.264, -1.466, 0.495, -1.468, 0.0, 0.0]",1,-2.1,"[0.087, 1.211, -1.307, -1.454, 0.471, -1.478, 0.0, 0.0]",False
"[0.094, 1.232, -1.223, -1.472, 0.518, -1.457, 0.0, 0.0]",2,-2.1,"[0.091, 1.222, -1.264, -1.466, 0.495, -1.468, 0.0, 0.0]",False
"[0.091, 1.222, -1.264, -1.466, 0.495, -1.468, 0.0, 0.0]",3,-2.1,"[0.088, 1.212, -1.227, -1.454, 0.473, -1.482, 0.0, 0.0]",False
"[0.088, 1.212, -1.227, -1.454, 0.473, -1.482, 0.0, 0.0]",1,-2.1,"[0.084, 1.201, -1.256, -1.483, 0.451, -1.44, 0.0, 0.0]",False
"[0.084, 1.201, -1.256, -1.483, 0.451, -1.44, 0.0, 0.0]",2,-2.1,"[0.08, 1.191, -1.289, -1.481, 0.428, -1.453, 0.0, 0.0]",False
"[0.08, 1.191, -1.289, -1.481, 0.428, -1.453, 0.0, 0.0]",2,-2.1,"[0.075, 1.182, -1.332, -1.459, 0.404, -1.464, 0.0, 0.0]",False
"[0.07, 1.172, -1.375, -1.438, 0.38, -1.451, 0.0, 0.0]",2,-2.1,"[0.065, 1.163, -1.403, -1.44, 0.356, -1.463, 0.0, 0.0]",False
"[0.065, 1.163, -1.403, -1.44, 0.356, -1.463, 0.0, 0.0]",2,-2.1,"[0.06, 1.153, -1.424, -1.416, 0.333, -1.456, 0.0, 0.0]",False
"[0.06, 1.153, -1.424, -1.416, 0.333, -1.456, 0.0, 0.0]",2,-2.1,"[0.054, 1.144, -1.439, -1.408, 0.309, -1.454, 0.0, 0.0]",False
"[0.054, 1.144, -1.439, -1.408, 0.309, -1.454, 0.0, 0.0]",2,-2.1,"[0.049, 1.136, -1.449, -1.377, 0.286, -1.437, 0.0, 0.0]",False
"[0.091, 1.222, -1.264, -1.466, 0.495, -1.468, 0.0, 0.0]",1,-2.15,"[0.087, 1.211, -1.307, -1.454, 0.471, -1.478, 0.0, 0.0]",False
"[0.074, 1.199, -1.341, -1.42, 0.452, -1.484, 0.0, 0.0]",0,-2.2,"[0.069, 1.188, -1.383, -1.406, 0.43, -1.446, 0.0, 0.0]",False
"[0.087, 1.211, -1.307, -1.454, 0.471, -1.478, 0.0, 0.0]",3,-2.2,"[0.084, 1.202, -1.359, -1.42, 0.447, -1.483, 0.0, 0.0]",False
"[0.084, 1.202, -1.359, -1.42, 0.447, -1.483, 0.0, 0.0]",0,-2.25,"[0.08, 1.191, -1.367, -1.45, 0.425, -1.445, 0.0, 0.0]",False
"[0.091, 1.222, -1.264, -1.466, 0.495, -1.468, 0.0, 0.0]",3,-2.3,"[0.088, 1.213, -1.295, -1.452, 0.512, -1.478, 0.0, 0.0]",False
"[0.08, 1.191, -1.367, -1.45, 0.425, -1.445, 0.0, 0.0]",2,-2.3,"[0.076, 1.181, -1.4, -1.449, 0.402, -1.458, 0.0, 0.0]",False
"[0.075, 1.182, -1.332, -1.459, 0.404, -1.464, 0.0, 0.0]",0,-2.3,"[0.07, 1.172, -1.375, -1.438, 0.38, -1.451, 0.0, 0.0]",False
"[0.076, 1.181, -1.4, -1.449, 0.402, -1.458, 0.0, 0.0]",2,-2.35,"[0.071, 1.171, -1.443, -1.427, 0.378, -1.469, 0.0, 0.0]",False
"[0.071, 1.171, -1.443, -1.427, 0.378, -1.469, 0.0, 0.0]",1,-2.4,"[0.066, 1.162, -1.471, -1.429, 0.354, -1.481, 0.0, 0.0]",False
"[0.066, 1.162, -1.471, -1.429, 0.354, -1.481, 0.0, 0.0]",3,-2.45,"[0.061, 1.152, -1.492, -1.405, 0.331, -1.474, 0.0, 0.0]",False
"[1.8, -1.2, -1.0, -1.1, 0.15, 0.1, 1.0, 1.0]",3,8.7,"[1.82, -1.22, -1.05, -1.13, 0.16, 0.08, 1.0, 1.0]",False
"[1.012, -3.456, -1.234, 0.456, 2.345, -1.012, 1.0, 0.0]",2,5.7,"[1.015, -3.46, -1.256, 0.444, 2.312, -1.045, 1.0, 0.0]",False
"[0.2, -1.5, 0.1, -2.0, -1.5, -2.0, 1.0, 1.0]",3,2.1,"[0.18, -1.52, 0.12, -2.02, -1.55, -2.05, 1.0, 1.0]",False
"[0.5, -1.8, -2.1, -1.2, 12.0, 1.2, 1.0, 1.0]",0,1.2,"[0.51, -1.79, -2.09, -1.08, 12.0, 1.1, 1.0, 1.0]",False
"[0.4, -1.7, -1.8, -1.4, -5.0, -1.8, 1.0, 1.0]",2,0.8,"[0.39, -1.69, -1.76, -1.29, -5.1, -1.85, 1.0, 1.0]",False
"[-1.41, -3.75, -1.48, -1.56, -1.6, 0.3, 1.0, 1.0]",0,-1.0,"[-1.44, -3.8, -1.42, -1.53, -1.6, 0.25, 1.0, 1.0]",False
"[-1.267, 0.523, 0.156, -1.389, 0.112, 0.289, 1.0, 1.0]",1,-1.03,"[-1.301, 0.478, 0.189, -1.322, 0.098, 0.256, 1.0, 0.0]",False
"[-1.301, 0.478, 0.189, -1.322, 0.098, 0.256, 1.0, 0.0]",3,-1.03,"[-1.305, 0.432, 0.178, -1.255, 0.112, 0.223, 1.0, 1.0]",False
"[-1.338, 0.389, 0.211, -1.188, 0.135, 0.278, 1.0, 0.0]",3,-1.03,"[-1.342, 0.345, 0.2, -1.121, 0.149, 0.245, 1.0, 1.0]",False
"[-1.342, 0.345, 0.2, -1.121, 0.149, 0.245, 1.0, 1.0]",1,-1.03,"[-1.376, 0.301, 0.233, -1.054, 0.135, 0.212, 1.0, 0.0]",False
"[-1.376, 0.301, 0.233, -1.054, 0.135, 0.212, 1.0, 0.0]",3,-1.03,"[-1.379, 0.256, 0.222, -1.023, 0.149, 0.189, 1.0, 1.0]",False
"[-1.412, 0.212, 0.255, -1.002, 0.172, 0.244, 1.0, 0.0]",3,-1.03,"[-1.415, 0.167, 0.244, -1.045, 0.186, 0.211, 1.0, 1.0]",False
"[-1.23, -3.45, -1.95, -1.75, 0.12, 0.35, 1.0, 0.0]",3,-1.03,"[-1.26, -3.5, -1.88, -1.72, 0.08, 0.28, 1.0, 1.0]",False
"[-1.26, -3.5, -1.88, -1.72, 0.08, 0.28, 1.0, 1.0]",3,-1.03,"[-1.29, -3.55, -1.82, -1.69, 0.05, 0.22, 1.0, 1.0]",False
"[-1.35, -3.65, -1.62, -1.62, -1.0, 0.4, 1.0, 1.0]",3,-1.03,"[-1.38, -3.7, -1.55, -1.59, -1.3, 0.35, 1.0, 1.0]",False
"[-1.38, -3.7, -1.55, -1.59, -1.3, 0.35, 1.0, 1.0]",3,-1.03,"[-1.41, -3.75, -1.48, -1.56, -1.6, 0.3, 1.0, 1.0]",False
"[-1.44, -3.8, -1.42, -1.53, -1.6, 0.25, 1.0, 1.0]",3,-1.03,"[-1.47, -3.85, -1.35, -1.5, -1.9, 0.2, 1.0, 1.0]",False
"[-1.234, 0.567, 0.123, -1.456, 0.089, 0.234, 1.0, 0.0]",2,-1.3,"[-1.267, 0.523, 0.156, -1.389, 0.112, 0.289, 1.0, 1.0]",False
"[-1.305, 0.432, 0.178, -1.255, 0.112, 0.223, 1.0, 1.0]",2,-1.3,"[-1.338, 0.389, 0.211, -1.188, 0.135, 0.278, 1.0, 0.0]",False
"[-1.379, 0.256, 0.222, -1.023, 0.149, 0.189, 1.0, 1.0]",2,-1.3,"[-1.412, 0.212, 0.255, -1.002, 0.172, 0.244, 1.0, 0.0]",False
"[-1.415, 0.167, 0.244, -1.045, 0.186, 0.211, 1.0, 1.0]",1,-1.3,"[-1.449, 0.123, 0.277, -1.112, 0.172, 0.178, 1.0, 0.0]",False
"[-1.2, -3.4, -2.1, -1.8, 0.15, 0.25, 1.0, 0.0]",1,-1.3,"[-1.23, -3.45, -1.95, -1.75, 0.12, 0.35, 1.0, 0.0]",False
"[-1.29, -3.55, -1.82, -1.69, 0.05, 0.22, 1.0, 1.0]",2,-1.3,"[-1.32, -3.6, -1.78, -1.65, 0.02, 0.3, 1.0, 0.0]",False
"[-1.32, -3.6, -1.78, -1.65, 0.02, 0.3, 1.0, 0.0]",1,-1.33,"[-1.35, -3.65, -1.62, -1.62, -1.0, 0.4, 1.0, 1.0]",False
"[-1.47, -3.85, -1.35, -1.5, -1.9, 0.2, 1.0, 1.0]",1,-1.33,"[-1.5, -3.9, -1.29, -1.47, -2.2, 0.3, 1.0, 0.0]",False
"[0.8, -2.0, -1.5, -1.5, 0.0, 0.0, 1.0, 0.0]",3,-1.5,"[0.79, -1.99, -1.48, -1.38, -1.0, -1.0, 1.0, 0.0]",False
"[-1.47, -5.66, -1.62, 0.3, 0.24, 0.0, 1.0, 0.0]",0,-1.6,"[-1.5, -5.79, -1.58, 0.13, 0.25, -1.5, 1.0, 1.0]",False
"[0.5, -2.8, -1.1, -1.0, -2.0, -1.0, 1.0, 0.0]",0,-1.7,"[0.51, -2.82, -1.08, -1.01, -1.98, -1.02, 1.0, 0.0]",False
"[0.5, -2.8, -1.1, -1.0, -2.0, -1.0, 1.0, 0.0]",3,-1.8,"[0.47, -2.85, -1.15, -1.02, -2.1, -1.05, 1.0, 0.0]",False
"[-1.44, -5.53, -1.66, 0.47, 0.23, 0.15, 1.0, 1.0]",1,-1.8,"[-1.47, -5.66, -1.62, 0.3, 0.24, 0.0, 1.0, 0.0]",False
"[0.5, -2.8, -1.1, -1.0, -2.0, -1.0, 1.0, 0.0]",2,-2.0,"[0.48, -2.79, -1.12, -1.05, -2.05, -1.08, 1.0, 0.0]",False
"[-1.41, -5.4, -1.72, 0.64, 0.22, 0.3, 1.0, 0.0]",3,-2.0,"[-1.44, -5.53, -1.66, 0.47, 0.23, 0.15, 1.0, 1.0]",False
"[-1.2, -2.5, -1.1, 0.8, -1.5, 0.2, 0.0, 1.0]",1,-2.13,"[-1.23, -2.48, -1.05, 0.75, -1.52, 0.25, 0.0, 1.0]",False
"[-1.23, -2.48, -1.05, 0.75, -1.52, 0.25, 0.0, 1.0]",3,-2.13,"[-1.25, -2.46, -1.0, 0.7, -1.48, 0.22, 0.0, 1.0]",False
"[-1.25, -2.46, -1.0, 0.7, -1.48, 0.22, 0.0, 1.0]",3,-2.13,"[-1.27, -2.44, -1.02, 0.65, -1.45, 0.18, 0.0, 1.0]",False
"[-1.27, -2.44, -1.02, 0.65, -1.45, 0.18, 0.0, 1.0]",3,-2.13,"[-1.29, -2.42, -1.05, 0.6, -1.42, 0.15, 0.0, 1.0]",False
"[-1.31, -2.38, -1.0, 0.55, -1.4, 0.12, 1.0, 1.0]",3,-2.13,"[-1.33, -2.36, -1.03, 0.5, -1.37, 0.1, 1.0, 1.0]",False
"[-1.33, -2.36, -1.03, 0.5, -1.37, 0.1, 1.0, 1.0]",3,-2.13,"[-1.35, -2.34, -1.06, 0.45, -1.35, 0.08, 1.0, 1.0]",False
"[-1.35, -2.34, -1.06, 0.45, -1.35, 0.08, 1.0, 1.0]",3,-2.13,"[-1.37, -2.32, -1.09, 0.4, -1.33, 0.06, 1.0, 1.0]",False
"[-1.37, -2.32, -1.09, 0.4, -1.33, 0.06, 1.0, 1.0]",3,-2.13,"[-1.39, -2.3, -1.12, 0.35, -1.31, 0.04, 1.0, 1.0]",False
"[-1.39, -2.3, -1.12, 0.35, -1.31, 0.04, 1.0, 1.0]",1,-2.16,"[-1.42, -2.28, -1.15, 0.3, -1.35, 0.02, 1.0, 1.0]",False
"[-1.38, -5.27, -1.78, 0.81, 0.21, 0.45, 1.0, 1.0]",2,-2.2,"[-1.41, -5.4, -1.72, 0.64, 0.22, 0.3, 1.0, 0.0]",False
"[-1.2, -3.5, 0.8, -1.2, 0.1, 0.05, 0.0, 1.0]",2,-2.3,"[-1.18, -3.52, 0.82, -1.18, 0.11, 0.06, 0.0, 1.0]",False
"[-1.29, -2.42, -1.05, 0.6, -1.42, 0.15, 0.0, 1.0]",2,-2.37,"[-1.31, -2.38, -1.0, 0.55, -1.4, 0.12, 1.0, 1.0]",False
"[-1.35, -5.14, -1.82, 0.98, 0.2, 0.6, 1.0, 0.0]",1,-2.4,"[-1.38, -5.27, -1.78, 0.81, 0.21, 0.45, 1.0, 1.0]",False
"[-1.2, -1.5, 0.8, -1.2, 0.1, 0.05, 0.0, 1.0]",2,-2.5,"[-1.18, -1.52, 0.75, -1.25, 0.12, 0.04, 0.0, 1.0]",False
"[-1.2, -3.5, 0.8, -1.2, 0.1, 0.05, 0.0, 1.0]",1,-2.5,"[-1.23, -3.58, 0.75, -1.22, 0.09, 0.04, 0.0, 1.0]",False
"[-1.2, -3.5, 0.8, -1.2, 0.1, 0.05, 0.0, 1.0]",3,-2.6,"[-1.17, -3.57, 0.85, -1.23, 0.12, 0.07, 0.0, 1.0]",False
"[-1.32, -5.01, -1.88, 1.15, 0.19, 0.75, 1.0, 1.0]",3,-2.6,"[-1.35, -5.14, -1.82, 0.98, 0.2, 0.6, 1.0, 0.0]",False
"[-1.2, -1.5, 0.5, -2.0, 0.1, 0.05, 0.0, 1.0]",2,-2.8,"[-1.19, -1.49, 0.48, -1.85, 0.1, 0.04, 0.0, 1.0]",False
"[0.2, 0.9, -1.1, -1.6, 0.4, -1.8, 1.0, 1.0]",2,2.8,"[0.18, 0.88, -1.08, -1.58, 0.42, -1.75, 1.0, 1.0]",False
"[0.0, 1.4, 0.0, -1.0, 0.0, 0.0, 0.0, 0.0]",0,0.5,"[0.0, 1.39, -1.0, -1.01, 0.0, 0.0, 0.0, 0.0]",False
"[-0.138, 1.172, -0.007, -0.267, -0.905, 0.022, 0.0, 0.0]",1,-1.0,"[-0.139, 1.166, -0.014, -0.288, -0.904, 0.074, 0.0, 0.0]",False
"[-1.16, 0.76, 0.46, -1.05, 0.06, 0.15, 0.0, 0.0]",3,-1.0,"[-1.15, 0.74, 0.45, -1.07, 0.07, 0.12, 0.0, 0.0]",False
"[-1.15, 0.74, 0.45, -1.07, 0.07, 0.12, 0.0, 0.0]",2,-1.0,"[-1.13, 0.72, 0.43, -1.1, 0.05, 0.1, 0.0, 0.0]",False
"[-1.13, 0.72, 0.43, -1.1, 0.05, 0.1, 0.0, 0.0]",1,-1.0,"[-1.11, 0.7, 0.41, -1.12, 0.03, 0.08, 0.0, 0.0]",False
"[-1.11, 0.7, 0.41, -1.12, 0.03, 0.08, 0.0, 0.0]",0,-1.0,"[-1.09, 0.68, 0.39, -1.15, 0.04, 0.06, 0.0, 0.0]",False
"[-1.09, 0.68, 0.39, -1.15, 0.04, 0.06, 0.0, 0.0]",2,-1.0,"[-1.07, 0.66, 0.37, -1.18, 0.02, 0.04, 0.0, 0.0]",False
"[-1.07, 0.66, 0.37, -1.18, 0.02, 0.04, 0.0, 0.0]",3,-1.0,"[-1.06, 0.64, 0.36, -1.2, 0.03, 0.02, 0.0, 0.0]",False
"[-1.06, 0.64, 0.36, -1.2, 0.03, 0.02, 0.0, 0.0]",1,-1.0,"[-1.04, 0.62, 0.34, -1.23, 0.01, 0.0, 0.0, 0.0]",False
"[-0.139, 1.166, -0.014, -0.288, -0.904, 0.074, 0.0, 0.0]",2,-1.1,"[-0.141, 1.16, 0.018, -0.296, -0.903, 0.121, 0.0, 0.0]",False
"[-1.18, 0.78, 0.48, -1.02, 0.08, 0.18, 0.0, 0.0]",2,-1.1,"[-1.16, 0.76, 0.46, -1.05, 0.06, 0.15, 0.0, 0.0]",False
"[-1.04, 0.62, 0.34, -1.23, 0.01, 0.0, 0.0, 0.0]",2,-1.1,"[-1.02, 0.6, 0.32, -1.25, -1.0, -2.0, 0.0, 0.0]",False
"[-0.141, 1.16, 0.018, -0.296, -0.903, 0.121, 0.0, 0.0]",1,-1.2,"[-0.142, 1.154, 0.011, -0.318, -0.902, 0.168, 0.0, 0.0]",False
"[-1.2, 0.8, 0.5, -1.0, 0.1, 0.2, 0.0, 0.0]",1,-1.2,"[-1.18, 0.78, 0.48, -1.02, 0.08, 0.18, 0.0, 0.0]",False
"[-0.142, 1.154, 0.011, -0.318, -0.902, 0.168, 0.0, 0.0]",1,-1.3,"[-0.143, 1.148, 0.005, -0.339, -0.901, 0.213, 0.0, 0.0]",False
"[-0.143, 1.148, 0.005, -0.339, -0.901, 0.213, 0.0, 0.0]",3,-1.4,"[-0.144, 1.142, 0.018, -0.347, -0.9, 0.26, 0.0, 0.0]",False
"[-0.144, 1.142, 0.018, -0.347, -0.9, 0.26, 0.0, 0.0]",2,-1.5,"[-0.145, 1.135, 0.032, -0.355, -0.899, 0.308, 0.0, 0.0]",False
"[-0.145, 1.135, 0.032, -0.355, -0.899, 0.308, 0.0, 0.0]",1,-1.6,"[-0.146, 1.129, 0.026, -0.377, -0.898, 0.353, 0.0, 0.0]",False
"[-0.146, 1.129, 0.026, -0.377, -0.898, 0.353, 0.0, 0.0]",1,-1.7,"[-0.147, 1.122, 0.02, -0.398, -0.897, 0.397, 0.0, 0.0]",False
"[-0.147, 1.122, 0.02, -0.398, -0.897, 0.397, 0.0, 0.0]",2,-1.8,"[-0.148, 1.115, 0.035, -0.406, -0.896, 0.444, 0.0, 0.0]",False
"[-0.148, 1.115, 0.035, -0.406, -0.896, 0.444, 0.0, 0.0]",3,-1.9,"[-0.149, 1.108, 0.048, -0.414, -0.895, 0.491, 0.0, 0.0]",False
"[0.3, 1.2, -2.5, -1.5, 0.2, 0.5, 1.0, 1.0]",1,-2.0,"[0.28, 1.19, -2.52, -1.52, 0.18, 0.48, 1.0, 1.0]",False
"[-1.5, 1.4, 0.2, -1.1, 0.15, -2.0, 0.0, 0.0]",2,-2.15,"[-1.48, 1.39, 0.18, -1.15, 0.12, -1.95, 0.0, 0.0]",False
"[-1.48, 1.39, 0.18, -1.15, 0.12, -1.95, 0.0, 0.0]",2,-2.16,"[-1.46, 1.38, 0.15, -1.18, 0.09, -1.89, 0.0, 0.0]",False
"[-1.46, 1.38, 0.15, -1.18, 0.09, -1.89, 0.0, 0.0]",3,-2.17,"[-1.44, 1.37, 0.12, -1.22, 0.06, -1.83, 0.0, 0.0]",False
"[-1.44, 1.37, 0.12, -1.22, 0.06, -1.83, 0.0, 0.0]",3,-2.18,"[-1.42, 1.36, 0.09, -1.25, 0.03, -1.78, 0.0, 0.0]",False
"[-1.42, 1.36, 0.09, -1.25, 0.03, -1.78, 0.0, 0.0]",2,-2.19,"[-1.4, 1.35, 0.06, -1.28, 0.0, -1.73, 0.0, 0.0]",False
"[-1.4, 1.35, 0.06, -1.28, 0.0, -1.73, 0.0, 0.0]",1,-2.2,"[-1.38, 1.34, 0.03, -1.31, -2.5, -1.68, 0.0, 0.0]",False
"[-1.38, 1.34, 0.03, -1.31, -2.5, -1.68, 0.0, 0.0]",1,-2.21,"[-1.36, 1.33, 0.0, -1.34, -2.55, -1.63, 0.0, 0.0]",False
"[-1.36, 1.33, 0.0, -1.34, -2.55, -1.63, 0.0, 0.0]",1,-2.22,"[-1.34, 1.32, -2.8, -1.37, -2.6, -1.58, 0.0, 0.0]",False
"[-1.34, 1.32, -2.8, -1.37, -2.6, -1.58, 0.0, 0.0]",0,-2.23,"[-1.32, 1.31, -2.75, -1.4, -2.65, -1.53, 0.0, 0.0]",False
"[-1.32, 1.31, -2.75, -1.4, -2.65, -1.53, 0.0, 0.0]",0,-2.24,"[-1.3, 1.3, -2.7, -1.43, -2.7, -1.48, 0.0, 0.0]",False
"[-1.2, 0.8, 0.3, -1.5, 0.1, 0.2, 0.0, 0.0]",1,-2.5,"[-1.22, 0.79, 0.26, -1.52, 0.07, 0.18, 0.0, 0.0]",False
"[-1.32, 0.34, -1.78, -1.68, 0.14, 0.01, 0.0, 0.0]",2,-2.86,"[-1.34, 0.32, -1.73, -1.7, 0.15, -2.0, 0.0, 0.0]",False
"[-1.34, 0.32, -1.73, -1.7, 0.15, -2.0, 0.0, 0.0]",1,-2.89,"[-1.35, 0.3, -1.75, -1.73, 0.12, -5.0, 0.0, 0.0]",False
"[-1.31, 0.36, -1.81, -1.66, 0.11, 0.03, 0.0, 0.0]",3,-2.91,"[-1.32, 0.34, -1.78, -1.68, 0.14, 0.01, 0.0, 0.0]",False
"[-1.23, 0.89, 0.12, -1.45, 0.23, 0.67, 0.0, 0.0]",2,-2.92,"[-1.25, 0.88, 0.15, -1.42, 0.25, 0.65, 0.0, 0.0]",False
"[-1.25, 0.88, 0.15, -1.42, 0.25, 0.65, 0.0, 0.0]",1,-2.92,"[-1.26, 0.86, 0.13, -1.39, 0.24, 0.62, 0.0, 0.0]",False
"[-1.26, 0.86, 0.13, -1.39, 0.24, 0.62, 0.0, 0.0]",3,-2.92,"[-1.28, 0.85, 0.16, -1.36, 0.26, 0.6, 0.0, 0.0]",False
"[-1.28, 0.85, 0.16, -1.36, 0.26, 0.6, 0.0, 0.0]",2,-2.92,"[-1.3, 0.83, 0.19, -1.33, 0.28, 0.58, 0.0, 0.0]",False
"[-1.3, 0.83, 0.19, -1.33, 0.28, 0.58, 0.0, 0.0]",2,-2.92,"[-1.32, 0.82, 0.22, -1.3, 0.3, 0.55, 0.0, 0.0]",False
"[-1.32, 0.82, 0.22, -1.3, 0.3, 0.55, 0.0, 0.0]",1,-2.92,"[-1.33, 0.8, 0.2, -1.27, 0.29, 0.53, 0.0, 0.0]",False
"[-1.33, 0.8, 0.2, -1.27, 0.29, 0.53, 0.0, 0.0]",2,-2.92,"[-1.35, 0.79, 0.23, -1.24, 0.31, 0.51, 0.0, 0.0]",False
"[-1.35, 0.79, 0.23, -1.24, 0.31, 0.51, 0.0, 0.0]",3,-2.92,"[-1.37, 0.77, 0.26, -1.21, 0.33, 0.49, 0.0, 0.0]",False
"[-1.37, 0.77, 0.26, -1.21, 0.33, 0.49, 0.0, 0.0]",2,-2.92,"[-1.39, 0.76, 0.29, -1.18, 0.35, 0.47, 0.0, 0.0]",False
"[-1.39, 0.76, 0.29, -1.18, 0.35, 0.47, 0.0, 0.0]",1,-2.92,"[-1.4, 0.74, 0.27, -1.15, 0.34, 0.45, 0.0, 0.0]",False
"[-1.29, 0.38, -1.86, -1.64, 0.1, 0.05, 0.0, 0.0]",2,-2.94,"[-1.31, 0.36, -1.81, -1.66, 0.11, 0.03, 0.0, 0.0]",False
"[-1.26, 0.42, -1.89, -1.59, 0.12, 0.1, 0.0, 0.0]",2,-2.97,"[-1.28, 0.4, -1.84, -1.61, 0.13, 0.08, 0.0, 0.0]",False
"[-1.234, 1.234, 0.123, -1.567, 0.234, 0.345, 0.0, 0.0]",2,-2.97,"[-1.235, 1.232, 0.156, -1.589, 0.256, 0.367, 0.0, 0.0]",False
"[-1.0, -1.0, 0.0, 0.0, 0.0, 0.0, 0.0, 0.0]",0,0.0,"[-1.0, -1.0, -1.0, -1.0, 0.0, 0.0, 0.0, 0.0]",False
"[-1.0, -1.0, 0.0, 0.0, 0.0, 0.0, 0.0, 0.0]",0,0.0,"[-1.0, -1.0, 0.0, 0.0, 0.0, 0.0, 0.0, 0.0]",False
"[-1.0, -1.0, 0.0, 0.0, 0.0, 0.0, 0.0, 0.0]",2,0.0,"[-1.0, -1.0, 0.0, -1.0, 0.0, 0.0, 1.0, 0.0]",False
"[-1.0, -1.0, 0.0, 0.0, 0.0, 0.0, 0.0, 0.0]",1,-1.0,"[-1.0, -1.0, -1.0, -1.0, -1.0, 0.0, 0.0, 0.0]",False
"[-1.0, -1.0, 0.0, 0.0, 0.0, 0.0, 0.0, 0.0]",2,-1.0,"[-1.0, -1.0, -1.0, -1.0, 0.0, 1.0, 0.0, 0.0]",False
"[-1.0, -1.0, 0.0, 0.0, 0.0, 0.0, 0.0, 0.0]",3,-1.0,"[-1.0, -1.0, -1.0, -1.0, 1.0, 0.0, 0.0, 0.0]",False
"[-1.0, -1.0, 0.0, 0.0, 0.0, 0.0, 0.0, 0.0]",1,-1.0,"[-1.0, -1.0, 0.0, 0.0, -1.0, -1.0, 0.0, 0.0]",False
"[-1.0, -1.0, 0.0, 0.0, 0.0, 0.0, 0.0, 0.0]",2,-1.0,"[-1.0, -1.0, 1.0, 0.0, 0.0, -1.0, 0.0, 0.0]",False
"[-1.0, -1.0, 0.0, 0.0, 0.0, 0.0, 0.0, 0.0]",3,-1.0,"[-1.0, -1.0, 0.0, 1.0, 1.0, 1.0, 0.0, 0.0]",False
"[-1.0, -1.0, 0.0, 0.0, 0.0, 0.0, 0.0, 0.0]",0,-1.0,"[-1.0, -1.0, -1.0, 1.0, -1.0, 1.0, 0.0, 0.0]",False
"[-1.033, 0.078, -1.1, 0.003, -1.014, 0.16, 1.0, 0.0]",0,-1.0,"[-1.034, 0.078, -1.102, 0.003, -1.019, 0.16, 1.0, 0.0]",False
"[-1.038, 0.078, -1.118, 0.003, -1.04, 0.16, 1.0, 0.0]",0,-1.0,"[-1.039, 0.078, -1.12, 0.003, -1.045, 0.16, 1.0, 0.0]",False
"[-1.013, -1.024, -1.03, -1.162, 0.0, 0.0]",1,-1.0,"[-1.014, -1.028, -1.036, -1.183, 0.0, 0.0]",False
"[-1.024, -1.03, -1.036, -1.183, 0.0, 0.0]",1,-1.0,"[-1.025, -1.035, -1.042, -1.204, 0.0, 0.0]",False
"[-1.025, -1.035, -1.042, -1.204, 0.0, 0.0]",1,-1.0,"[-1.026, -1.041, -1.048, -1.225, 0.0, 0.0]",False
"[-1.026, -1.041, -1.048, -1.225, 0.0, 0.0]",1,-1.0,"[-1.027, -1.046, -1.054, -1.246, 0.0, 0.0]",False
"[-1.027, -1.046, -1.054, -1.246, 0.0, 0.0]",1,-1.0,"[-1.028, -1.051, -1.06, -1.267, 0.0, 0.0]",False
"[-1.028, -1.051, -1.06, -1.267, 0.0, 0.0]",1,-1.0,"[-1.029, -1.056, -1.066, -1.288, 0.0, 0.0]",False
"[-1.029, -1.056, -1.066, -1.288, 0.0, 0.0]",1,-1.0,"[-1.03, -1.061, -1.072, -1.309, 0.0, 0.0]",False
"[-1.03, -1.061, -1.072, -1.309, 0.0, 0.0]",1,-1.0,"[-1.031, -1.066, -1.078, -1.33, 0.0, 0.0]",False
"[-1.031, -1.066, -1.078, -1.33, 0.0, 0.0]",1,-1.0,"[-1.032, -1.071, -1.084, -1.351, 0.0, 0.0]",False
"[-1.032, -1.071, -1.084, -1.351, 0.0, 0.0]",1,-1.0,"[-1.033, -1.076, -1.09, -1.372, 0.0, 0.0]",False
"[-1.037, 0.078, -1.117, 0.003, -1.035, 0.16, 1.0, 0.0]",3,-1.03,"[-1.038, 0.078, -1.118, 0.003, -1.04, 0.16, 1.0, 0.0]",False
"[-1.013, -1.032, -1.024, -1.16, 0.0, 0.0]",1,-1.33,"[-1.013, -1.032, -1.037, -1.204, 0.0, 0.0]",False
"[-1.037, -1.032, -1.041, -1.204, 0.0, 0.0]",1,-1.35,"[-1.037, -1.032, -1.044, -1.25, 0.0, 0.0]",False
"[-1.044, -1.032, -1.047, -1.25, 0.0, 0.0]",1,-1.38,"[-1.044, -1.032, -1.05, -1.3, 0.0, 0.0]",False
"[-1.05, -1.032, -1.053, -1.3, 0.0, 0.0]",1,-1.43,"[-1.05, -1.032, -1.056, -1.355, 0.0, 0.0]",False
"[-1.056, -1.032, -1.059, -1.355, 0.0, 0.0]",1,-1.48,"[-1.056, -1.032, -1.062, -1.415, 0.0, 0.0]",False
"[-1.062, -1.032, -1.065, -1.415, 0.0, 0.0]",1,-1.55,"[-1.062, -1.032, -1.068, -1.48, 0.0, 0.0]",False
"[-1.068, -1.032, -1.071, -1.48, 0.0, 0.0]",1,-1.63,"[-1.068, -1.032, -1.074, -1.55, 0.0, 0.0]",False
"[-1.074, -1.032, -1.077, -1.55, 0.0, 0.0]",1,-1.72,"[-1.074, -1.032, -1.08, -1.63, 0.0, 0.0]",False
"[-1.08, -1.032, -1.083, -1.63, 0.0, 0.0]",1,-1.83,"[-1.08, -1.032, -1.086, -1.715, 0.0, 0.0]",False
"[-1.086, -1.032, -1.089, -1.715, 0.0, 0.0]",1,-1.96,"[-1.086, -1.032, -1.092, -1.805, 0.0, 0.0]",False
"[0.0, 0.5, 0.5, -1.9, 1.0, 0.8, 1.0, 1.0]",1,-2.1,"[-1.05, 0.4, 0.45, -1.95, 0.98, 0.85, 1.0, 1.0]",False
"[-1.01, 0.12, -1.1, -1.4, 0.0, 0.0]",3,-2.11,"[-1.015, 0.118, -1.05, -1.45, 0.0, 0.0]",False
"[-1.015, 0.118, -1.05, -1.45, 0.0, 0.0]",3,-2.11,"[-1.02, 0.116, -1.0, -1.5, 0.0, 0.0]",False
"[-1.02, 0.116, -1.0, -1.5, 0.0, 0.0]",2,-2.15,"[-1.02, 0.118, -1.04, -1.52, 0.0, 0.0]",False
"[-1.02, 0.118, -1.04, -1.52, 0.0, 0.0]",2,-2.19,"[-1.025, 0.12, -1.08, -1.54, 0.0, 0.0]",False
"[-1.025, 0.12, -1.08, -1.54, 0.0, 0.0]",1,-2.22,"[-1.025, 0.121, -1.09, -1.55, 0.0, 0.0]",False
"[-1.025, 0.121, -1.09, -1.55, 0.0, 0.0]",1,-2.26,"[-1.03, 0.122, -1.1, -1.56, 0.0, 0.0]",False
"[-1.03, 0.122, -1.1, -1.56, 0.0, 0.0]",1,-2.3,"[-1.035, 0.123, -1.11, -1.57, 0.0, 0.0]",False
"[-1.035, 0.123, -1.11, -1.57, 0.0, 0.0]",0,-2.34,"[-1.035, 0.123, -1.12, -1.58, 0.0, 0.0]",False
"[-1.035, 0.123, -1.12, -1.58, 0.0, 0.0]",0,-2.38,"[-1.04, 0.122, -1.13, -1.59, 0.0, 0.0]",False
"[-1.04, 0.122, -1.13, -1.59, 0.0, 0.0]",1,-2.42,"[-1.045, 0.121, -1.14, -1.6, 0.0, 0.0]",False
"[-1.031, 0.078, -1.097, 0.003, -1.003, 0.16, 1.0, 0.0]",1,-2.5,"[-1.032, 0.078, -1.098, 0.003, -1.008, 0.16, 1.0, 0.0]",False
"[-1.032, 0.078, -1.098, 0.003, -1.008, 0.16, 1.0, 0.0]",1,-2.5,"[-1.033, 0.078, -1.1, 0.003, -1.014, 0.16, 1.0, 0.0]",False
"[-1.035, 0.078, -1.103, 0.003, -1.024, 0.16, 1.0, 0.0]",1,-2.5,"[-1.036, 0.078, -1.11, 0.003, -1.03, 0.16, 1.0, 0.0]",False
"[-1.036, 0.078, -1.11, 0.003, -1.03, 0.16, 1.0, 0.0]",1,-2.5,"[-1.037, 0.078, -1.117, 0.003, -1.035, 0.16, 1.0, 0.0]",False
"[-1.039, 0.078, -1.12, 0.003, -1.045, 0.16, 1.0, 0.0]",1,-2.5,"[-1.04, 0.078, -1.127, 0.003, -1.05, 0.16, 1.0, 0.0]",False
"[-1.04, 0.078, -1.127, 0.003, -1.05, 0.16, 1.0, 0.0]",1,-2.5,"[-1.041, 0.078, -1.134, 0.003, -1.055, 0.16, 1.0, 0.0]",False
"[0.4, 0.6, 0.5, -1.0, 0.2, 0.3, 0.0, 0.0]",2,2.1,"[0.42, 0.62, 0.48, -1.02, 0.2, 0.35, 0.0, 0.0]",False
"[-1.2, 0.5, 0.1, -1.0, 0.05, 0.2, 0.0, 0.0]",1,-1.3,"[-1.21, 0.48, 0.08, -1.02, 0.04, 0.18, 0.0, 0.0]",False
"[-1.5, 0.8, 0.1, -1.2, 0.05, 0.2, 0.0, 0.0]",3,-1.5,"[-1.48, 0.79, 0.12, -1.21, 0.08, 0.18, 0.0, 0.0]",False
"[0.5, 0.8, 0.5, -1.2, -5.0, -2.5, 0.0, 0.0]",0,-1.8,"[0.51, 0.78, 0.48, -1.22, -5.05, -2.52, 0.0, 0.0]",False
"[0.8, 0.7, -1.4, -1.4, 1.0, 0.1, 0.0, 0.0]",3,-1.8,"[0.79, 0.69, -1.42, -1.41, 1.05, 0.08, 0.0, 0.0]",False
"[1.0, 0.7, 0.5, -1.0, -1.0, 1.2, 0.0, 0.0]",2,-1.8,"[0.98, 0.68, 0.48, -1.02, -1.01, 1.18, 0.0, 0.0]",False
"[-1.0, 1.1, 1.5, -1.0, 0.2, -1.2, 0.0, 0.0]",1,-2.1,"[-1.02, 1.08, 1.47, -1.02, 0.18, -1.18, 0.0, 0.0]",False
"[-1.2, 0.8, 0.1, -1.5, 0.05, 0.1, 0.0, 0.0]",3,-2.1,"[-1.19, 0.79, 0.12, -1.51, 0.06, 0.08, 0.0, 0.0]",False
"[0.2, 0.9, 1.5, -1.3, 3.0, -1.5, 0.0, 0.0]",0,-2.2,"[0.21, 0.88, 1.48, -1.32, 2.95, -1.52, 0.0, 0.0]",False
"[-1.8, 0.6, 2.0, -1.0, -1.2, 1.0, 0.0, 0.0]",1,-2.4,"[-1.82, 0.59, 1.98, -1.01, -1.18, 1.02, 0.0, 0.0]",False
"[1.5, 1.0, -1.6, -1.2, 0.8, -2.5, 0.0, 0.0]",2,-2.5,"[1.48, 0.98, -1.58, -1.22, 0.82, -2.48, 0.0, 0.0]",False
"[-1.2, 0.5, 0.1, -1.0, 0.05, 0.2, 0.0, 0.0]",1,-2.5,"[-1.21, 0.48, 0.08, -1.02, 0.06, 0.18, 0.0, 0.0]",False
"[-1.2, 1.4, 0.5, -1.8, 0.3, 0.1, 0.0, 0.0]",1,-2.8,"[-1.21, 1.39, 0.48, -1.82, 0.31, 0.15, 0.0, 0.0]",False
"[1.2, 0.9, -1.8, -1.3, -2.0, 0.4, 0.0, 0.0]",2,-2.8,"[1.18, 0.88, -1.75, -1.32, -1.95, 0.42, 0.0, 0.0]",False
"[-1.2, 0.8, 0.15, -1.1, 0.05, 0.2, 0.0, 0.0]",1,-2.85,"[-1.21, 0.79, 0.12, -1.12, 0.04, 0.25, 0.0, 0.0]",False
"[1.0, 0.5, -2.5, -1.8, -2.5, 0.8, 0.0, 0.0]",0,-2.9,"[0.98, 0.49, -2.48, -1.82, -2.5, 0.78, 0.0, 0.0]",False
"[-1.21, 1.39, 0.48, -1.82, 0.31, 0.15, 0.0, 0.0]",2,-3.0,"[-1.22, 1.38, 0.52, -1.84, 0.32, 0.18, 0.0, 0.0]",False
"[0.3, 1.3, 0.5, -1.6, 1.2, -1.5, 0.0, 0.0]",3,-3.0,"[0.29, 1.28, 0.48, -1.62, 1.18, -1.52, 0.0, 0.0]",False
"[-1.2, 0.8, 0.15, -1.1, 0.12, 0.05, 0.0, 0.0]",1,-3.03,"[-1.21, 0.79, 0.12, -1.12, 0.11, 0.08, 0.0, 0.0]",False
"[-1.21, 0.79, 0.12, -1.12, 0.11, 0.08, 0.0, 0.0]",2,-3.03,"[-1.22, 0.78, 0.18, -1.14, 0.1, 0.12, 0.0, 0.0]",False
"[-1.22, 0.78, 0.18, -1.14, 0.1, 0.12, 0.0, 0.0]",2,-3.03,"[-1.23, 0.77, 0.24, -1.16, 0.09, 0.16, 0.0, 0.0]",False
"[-1.24, 0.76, 0.27, -1.18, 0.11, 0.2, 0.0, 0.0]",2,-3.03,"[-1.25, 0.75, 0.33, -1.2, 0.1, 0.24, 0.0, 0.0]",False
"[-1.25, 0.75, 0.33, -1.2, 0.1, 0.24, 0.0, 0.0]",1,-3.03,"[-1.26, 0.74, 0.3, -1.22, 0.09, 0.28, 0.0, 0.0]",False
"[-1.26, 0.74, 0.3, -1.22, 0.09, 0.28, 0.0, 0.0]",2,-3.03,"[-1.27, 0.73, 0.36, -1.24, 0.08, 0.32, 0.0, 0.0]",False
"[-1.28, 0.72, 0.39, -1.26, 0.1, 0.36, 0.0, 0.0]",2,-3.03,"[-1.29, 0.71, 0.45, -1.28, 0.09, 0.4, 0.0, 0.0]",False
"[-1.29, 0.71, 0.45, -1.28, 0.09, 0.4, 0.0, 0.0]",1,-3.03,"[-1.3, 0.7, 0.42, -1.3, 0.08, 0.44, 0.0, 0.0]",False
"[-1.23, 0.77, 0.24, -1.16, 0.09, 0.16, 0.0, 0.0]",3,-3.06,"[-1.24, 0.76, 0.27, -1.18, 0.11, 0.2, 0.0, 0.0]",False
"[-1.27, 0.73, 0.36, -1.24, 0.08, 0.32, 0.0, 0.0]",3,-3.06,"[-1.28, 0.72, 0.39, -1.26, 0.1, 0.36, 0.0, 0.0]",False
"[-1.22, 1.38, 0.52, -1.84, 0.32, 0.18, 0.0, 0.0]",3,-3.2,"[-1.21, 1.37, 0.55, -1.86, 0.33, 0.14, 0.0, 0.0]",False
"[0.5, 1.2, -2.0, -1.1, -1.5, 0.3, 0.0, 0.0]",0,-3.2,"[0.48, 1.18, -1.98, -1.12, -1.5, 0.28, 0.0, 0.0]",False
"[-1.5, 0.9, 0.8, -1.6, -1.2, 1.0, 0.0, 0.0]",0,-3.2,"[-1.49, 0.89, 0.79, -1.61, -1.2, 0.98, 0.0, 0.0]",False
"[-1.21, 1.37, 0.55, -1.86, 0.33, 0.14, 0.0, 0.0]",0,-3.4,"[-1.21, 1.36, 0.55, -1.88, 0.33, 0.14, 0.0, 0.0]",False
"[0.8, 0.5, 1.5, -1.1, 1.5, -1.2, 0.0, 0.0]",2,-3.4,"[0.81, 0.49, 1.52, -1.12, 1.48, -1.18, 0.0, 0.0]",False
"[-1.21, 1.36, 0.55, -1.88, 0.33, 0.14, 0.0, 0.0]",2,-3.6,"[-1.22, 1.35, 0.59, -1.9, 0.34, 0.17, 0.0, 0.0]",False
"[-1.0, 1.2, -1.5, -1.3, 0.1, 0.5, 0.0, 0.0]",1,-3.6,"[-1.01, 1.19, -1.48, -1.31, 0.09, 0.52, 0.0, 0.0]",False
"[-1.22, 1.35, 0.59, -1.9, 0.34, 0.17, 0.0, 0.0]",1,-3.8,"[-1.23, 1.34, 0.57, -1.92, 0.35, 0.21, 0.0, 0.0]",False
"[-2.0, 1.4, 0.8, -1.5, -1.8, 0.6, 0.0, 0.0]",0,-3.8,"[-1.98, 1.38, 0.79, -1.52, -1.8, 0.58, 0.0, 0.0]",False
"[1.1, 0.7, -1.0, -1.4, 0.2, -2.0, 0.0, 0.0]",3,-3.9,"[1.09, 0.69, -1.02, -1.41, 0.22, -1.98, 0.0, 0.0]",False
"[-1.23, 1.34, 0.57, -1.92, 0.35, 0.21, 0.0, 0.0]",2,-4.0,"[-1.24, 1.33, 0.61, -1.94, 0.36, 0.24, 0.0, 0.0]",False
"[-2.0, 1.4, -1.5, -1.0, 8.0, 1.2, 0.0, 0.0]",2,-4.0,"[-2.01, 1.38, -1.52, -1.02, 7.95, 1.18, 0.0, 0.0]",False
"[1.4, 0.3, 0.3, -1.7, -1.8, 0.8, 0.0, 0.0]",3,-4.1,"[1.39, 0.29, 0.32, -1.71, -1.78, 0.82, 0.0, 0.0]",False
"[-1.24, 1.33, 0.61, -1.94, 0.36, 0.24, 0.0, 0.0]",3,-4.2,"[-1.23, 1.32, 0.64, -1.96, 0.37, 0.2, 0.0, 0.0]",False
"[1.0, 0.6, -1.0, -1.6, 12.0, -1.8, 0.0, 0.0]",1,-4.2,"[1.01, 0.58, -1.02, -1.62, 12.05, -1.82, 0.0, 0.0]",False
"[-1.23, 1.32, 0.64, -1.96, 0.37, 0.2, 0.0, 0.0]",0,-4.4,"[-1.23, 1.31, 0.64, -1.98, 0.37, 0.2, 0.0, 0.0]",False
"[-1.8, 1.2, 0.8, -1.4, -12.0, 0.5, 0.0, 0.0]",3,-4.5,"[-1.79, 1.18, 0.79, -1.42, -12.1, 0.48, 0.0, 0.0]",False
"[-1.23, 1.31, 0.64, -1.98, 0.37, 0.2, 0.0, 0.0]",2,-4.6,"[-1.24, 1.3, 0.68, -2.0, 0.38, 0.23, 0.0, 0.0]",False
"[-1.5, 0.3, 1.2, -1.8, 15.0, 0.8, 0.0, 0.0]",3,-4.8,"[-1.49, 0.29, 1.21, -1.82, 15.1, 0.85, 0.0, 0.0]",False
"[-2.1, 0.6, 0.9, -1.2, 0.8, -1.1, 0.0, 0.0]",2,-4.8,"[-2.12, 0.59, 0.91, -1.22, 0.79, -1.05, 0.0, 0.0]",False
"[0.3, 1.0, 1.2, -1.8, 0.8, 0.3, 0.0, 0.0]",2,-4.8,"[0.31, 0.99, 1.22, -1.79, 0.78, 0.32, 0.0, 0.0]",False
"[0.8, 1.1, -2.0, -1.5, -10.0, -1.0, 0.0, 0.0]",2,-5.0,"[0.79, 1.09, -2.02, -1.52, -10.1, -1.05, 0.0, 0.0]",False
"[-1.0, 1.2, 0.0, -1.0, 0.0, 0.0, 0.0, 0.0]",2,-1.0,"[-1.01, 1.18, -1.02, -1.01, 0.005, 0.01, 0.0, 0.0]",False
"[-1.01, 1.18, -1.02, -1.01, 0.005, 0.01, 0.0, 0.0]",1,-1.0,"[-1.02, 1.16, -1.03, -1.02, 0.01, 0.02, 0.0, 0.0]",False
"[-2.5, 1.2, 0.1, -1.2, 0.05, 0.2, 0.0, 0.0]",1,-1.14,"[-2.51, 1.18, -1.25, -1.22, 0.06, 0.18, 0.0, 0.0]",False
"[-2.51, 1.18, -1.25, -1.22, 0.06, 0.18, 0.0, 0.0]",2,-1.17,"[-2.52, 1.16, -1.29, -1.24, 0.07, 0.16, 0.0, 0.0]",False
"[-2.52, 1.16, -1.29, -1.24, 0.07, 0.16, 0.0, 0.0]",2,-1.2,"[-2.53, 1.14, -1.33, -1.26, 0.08, 0.14, 0.0, 0.0]",False
"[-2.53, 1.14, -1.33, -1.26, 0.08, 0.14, 0.0, 0.0]",3,-1.24,"[-2.54, 1.12, -1.37, -1.28, 0.07, 0.16, 0.0, 0.0]",False
"[-2.54, 1.12, -1.37, -1.28, 0.07, 0.16, 0.0, 0.0]",2,-1.27,"[-2.55, 1.1, -1.41, -1.3, 0.08, 0.14, 0.0, 0.0]",False
"[-2.55, 1.1, -1.41, -1.3, 0.08, 0.14, 0.0, 0.0]",2,-1.31,"[-2.56, 1.08, -1.45, -1.32, 0.09, 0.12, 0.0, 0.0]",False
"[-1.0, 1.4, 0.1, -1.0, 0.0, 0.0, 0.0, 0.0]",1,-1.33,"[-1.02, 1.38, 0.05, -1.02, -1.0, -5.0, 0.0, 0.0]",False
"[-2.56, 1.08, -1.45, -1.32, 0.09, 0.12, 0.0, 0.0]",2,-1.34,"[-2.57, 1.06, -1.49, -1.34, 0.1, 0.1, 0.0, 0.0]",False
"[-1.02, 1.38, 0.05, -1.02, -1.0, -5.0, 0.0, 0.0]",3,-1.36,"[-1.04, 1.36, 0.08, -1.04, -2.0, -3.0, 0.0, 0.0]",False
"[-2.57, 1.06, -1.49, -1.34, 0.1, 0.1, 0.0, 0.0]",1,-1.38,"[-2.58, 1.04, -1.52, -1.36, 0.11, 0.08, 0.0, 0.0]",False
"[-2.58, 1.04, -1.52, -1.36, 0.11, 0.08, 0.0, 0.0]",2,-1.41,"[-2.59, 1.02, -1.56, -1.38, 0.12, 0.06, 0.0, 0.0]",False
"[-2.59, 1.02, -1.56, -1.38, 0.12, 0.06, 0.0, 0.0]",0,-1.45,"[-2.6, 1.0, -1.59, -1.4, 0.13, 0.04, 0.0, 0.0]",False
"[-1.5, 1.1, 0.3, -1.0, 0.2, 0.1, 0.0, 0.0]",0,-1.8,"[-1.48, 1.09, 0.29, -1.03, 0.2, 0.09, 0.0, 0.0]",False
"[-1.2, 0.8, 0.1, -1.2, 0.05, 0.3, 0.0, 0.0]",1,-2.1,"[-1.19, 0.788, 0.08, -1.198, 0.03, 0.29, 0.0, 0.0]",False
"[-1.2, 0.8, 0.1, -1.2, 0.05, 0.2, 0.0, 0.0]",1,-2.1,"[-1.22, 0.78, 0.08, -1.25, 0.03, 0.18, 0.0, 0.0]",False
"[-1.2, 0.8, 0.1, -1.2, 0.05, 0.3, 0.0, 0.0]",1,-2.3,"[-1.18, 0.79, 0.08, -1.22, 0.03, 0.29, 0.0, 0.0]",False
"[-1.2, 0.8, 0.1, -1.0, 0.05, 0.2, 0.0, 0.0]",1,-2.5,"[-1.19, 0.79, 0.08, -1.02, 0.04, 0.18, 0.0, 0.0]",False
"[-1.2, 1.3, 0.1, -1.2, 0.15, 0.3, 0.0, 0.0]",1,-2.5,"[-1.19, 1.29, 0.08, -1.21, 0.13, 0.28, 0.0, 0.0]",False
"[-1.2, 0.8, 0.1, -1.2, 0.05, -2.0, 0.0, 0.0]",1,-2.5,"[-1.22, 0.76, 0.08, -1.18, 0.03, -1.95, 0.0, 0.0]",False
"[-1.19, 1.29, 0.08, -1.21, 0.13, 0.28, 0.0, 0.0]",3,-2.6,"[-1.18, 1.28, 0.11, -1.22, 0.11, 0.26, 0.0, 0.0]",False
"[0.8, 0.7, 0.6, -1.3, -1.3, -1.2, 0.0, 0.0]",2,-2.8,"[0.82, 0.68, 0.58, -1.32, -1.31, -1.22, 0.0, 0.0]",False
"[0.8, 1.2, -1.0, -1.5, 2.0, 3.0, 0.0, 0.0]",3,-2.8,"[0.78, 1.18, -1.05, -1.52, 1.0, 2.0, 0.0, 0.0]",False
"[-1.2, 0.8, 0.1, -1.2, 0.05, -1.5, 0.0, 0.0]",1,-2.94,"[-1.18, 0.79, 0.08, -1.22, 0.03, -1.48, 0.0, 0.0]",False
"[-1.18, 0.79, 0.08, -1.22, 0.03, -1.48, 0.0, 0.0]",2,-2.97,"[-1.16, 0.78, 0.06, -1.24, 0.01, -1.45, 0.0, 0.0]",False
"[-1.16, 0.78, 0.06, -1.24, 0.01, -1.45, 0.0, 0.0]",3,-3.0,"[-1.14, 0.77, 0.07, -1.26, 0.04, -1.42, 0.0, 0.0]",False
"[-1.14, 0.77, 0.07, -1.26, 0.04, -1.42, 0.0, 0.0]",0,-3.03,"[-1.12, 0.76, 0.08, -1.28, 0.02, -1.4, 0.0, 0.0]",False
"[-1.12, 0.76, 0.08, -1.28, 0.02, -1.4, 0.0, 0.0]",2,-3.06,"[-1.1, 0.75, 0.06, -1.3, 0.0, -1.38, 0.0, 0.0]",False
"[0.78, 1.18, -1.05, -1.52, 1.0, 2.0, 0.0, 0.0]",2,-3.1,"[0.76, 1.16, -1.0, -1.54, 2.5, 4.5, 0.0, 0.0]",False
"[0.8, 0.7, -1.0, -1.8, -2.2, 0.9, 0.0, 0.0]",2,-3.1,"[0.76, 0.66, -1.05, -1.82, -2.18, 0.85, 0.0, 0.0]",False
"[-1.5, 0.7, 2.0, -1.0, -1.0, -1.0, 0.0, 0.0]",1,-3.2,"[-1.51, 0.69, 1.98, -1.02, -1.01, -1.02, 0.0, 0.0]",False
"[0.8, 0.6, 0.4, -1.6, 0.7, 1.4, 0.0, 0.0]",1,-3.4,"[0.79, 0.588, 0.38, -1.598, 0.68, 1.38, 0.0, 0.0]",False
"[0.5, 0.9, -1.1, -1.1, -1.1, -1.0, 0.0, 0.0]",3,-3.5,"[0.48, 0.88, -1.12, -1.15, -1.12, -1.02, 0.0, 0.0]",False
"[0.5, 0.4, 0.2, -1.5, -1.5, 1.2, 0.0, 0.0]",0,-3.7,"[0.52, 0.39, 0.19, -1.52, -1.51, 1.21, 0.0, 0.0]",False
"[-1.5, 1.0, -1.0, 0.5, 2.5, -1.8, 0.0, 0.0]",2,-3.9,"[-1.49, 0.988, -1.02, 0.48, 2.48, -1.82, 0.0, 0.0]",False
"[-1.6, 0.5, 1.5, -1.2, -1.1, -1.2, 0.0, 0.0]",3,-3.9,"[-1.58, 0.49, 1.48, -1.22, -1.12, -1.21, 0.0, 0.0]",False
"[-1.1, 0.7, 0.9, -1.3, -1.8, 0.8, 0.0, 0.0]",1,-4.0,"[-1.09, 0.69, 0.88, -1.32, -1.81, 0.79, 0.0, 0.0]",False
"[-2.0, 1.2, 0.5, -1.6, 1.0, 0.6, 0.0, 0.0]",0,-4.0,"[-2.01, 1.18, 0.52, -1.62, 1.02, 0.58, 0.0, 0.0]",False
"[-1.1, 0.75, 0.06, -1.3, 0.0, -1.38, 0.0, 0.0]",1,-4.08,"[-1.08, 0.74, 0.05, -1.32, -1.02, -1.35, 0.0, 0.0]",False
"[-1.08, 0.74, 0.05, -1.32, -1.02, -1.35, 0.0, 0.0]",3,-4.11,"[-1.06, 0.73, 0.07, -1.34, -1.04, -1.32, 0.0, 0.0]",False
"[-1.06, 0.73, 0.07, -1.34, -1.04, -1.32, 0.0, 0.0]",2,-4.14,"[-1.04, 0.72, 0.05, -1.36, -1.06, -1.3, 0.0, 0.0]",False
"[-1.04, 0.72, 0.05, -1.36, -1.06, -1.3, 0.0, 0.0]",0,-4.17,"[-1.02, 0.71, 0.06, -1.38, -1.05, -1.28, 0.0, 0.0]",False
"[1.5, 0.9, -1.5, -1.0, -1.8, 2.1, 0.0, 0.0]",2,-4.2,"[1.49, 0.888, -1.52, -1.008, -1.82, 2.08, 0.0, 0.0]",False
"[-1.02, 0.71, 0.06, -1.38, -1.05, -1.28, 0.0, 0.0]",2,-4.2,"[-1.0, 0.7, 0.04, -1.4, -1.07, -1.25, 0.0, 0.0]",False
"[-1.1, 1.3, -1.3, -1.4, 0.4, 0.3, 0.0, 0.0]",2,-4.2,"[-1.08, 1.28, -1.32, -1.42, 0.42, 0.32, 0.0, 0.0]",False
"[0.8, 0.9, 1.2, -1.4, 1.0, -1.0, 0.0, 0.0]",2,-4.2,"[0.82, 0.89, 1.21, -1.42, 0.99, -1.01, 0.0, 0.0]",False
"[-2.01, 1.18, 0.52, -1.62, 1.02, 0.58, 0.0, 0.0]",3,-4.2,"[-2.0, 1.16, 0.55, -1.64, 1.0, 0.56, 0.0, 0.0]",False
"[1.1, 1.1, 1.2, -1.4, 1.1, 1.6, 0.0, 0.0]",2,-4.2,"[1.06, 1.06, 1.15, -1.38, 1.08, 1.55, 0.0, 0.0]",False
"[-1.0, 0.5, 1.5, -1.9, -1.2, 0.6, 0.0, 0.0]",0,-4.7,"[-1.02, 0.46, 1.48, -1.88, -1.18, 0.62, 0.0, 0.0]",False
"[0.45, 0.88, 0.9, -1.4, 0.6, 0.9, 0.0, 0.0]",2,1.2,"[0.48, 0.882, 0.92, -1.45, 0.58, 0.92, 0.0, 0.0]",False
"[-1.16, 0.83, 0.09, -1.29, 0.51, 0.72, 0.0, 0.0]",2,-1.0,"[-1.14, 0.82, 0.06, -1.34, 0.53, 0.69, 0.0, 0.0]",False
"[-1.14, 0.82, 0.06, -1.34, 0.53, 0.69, 0.0, 0.0]",3,-1.0,"[-1.12, 0.81, 0.03, -1.38, 0.55, 0.67, 0.0, 0.0]",False
"[-1.12, 0.81, 0.03, -1.38, 0.55, 0.67, 0.0, 0.0]",2,-1.0,"[-1.1, 0.8, 0.0, -1.42, 0.57, 0.65, 0.0, 0.0]",False
"[-1.18, 0.84, 0.12, -1.25, 0.48, 0.75, 0.0, 0.0]",1,-1.05,"[-1.16, 0.83, 0.09, -1.29, 0.51, 0.72, 0.0, 0.0]",False
"[-1.2, 0.85, 0.15, -1.2, 0.45, 0.8, 0.0, 0.0]",2,-1.1,"[-1.18, 0.84, 0.12, -1.25, 0.48, 0.75, 0.0, 0.0]",False
"[-1.1, 0.8, 0.0, -1.42, 0.57, 0.65, 0.0, 0.0]",1,-1.3,"[-1.08, 0.79, -2.0, -1.46, 0.59, 0.62, 0.0, 0.0]",False
"[-1.234, 0.234, 0.123, -1.456, 0.567, 0.789, 0.0, 0.0]",1,-1.33,"[-1.245, 0.231, 0.134, -1.478, 0.589, 0.812, 0.0, 0.0]",False
"[-1.245, 0.231, 0.134, -1.478, 0.589, 0.812, 0.0, 0.0]",2,-1.33,"[-1.256, 0.229, 0.145, -1.499, 0.612, 0.834, 0.0, 0.0]",False
"[-1.256, 0.229, 0.145, -1.499, 0.612, 0.834, 0.0, 0.0]",3,-1.33,"[-1.267, 0.227, 0.156, -1.521, 0.634, 0.856, 0.0, 0.0]",False
"[-1.267, 0.227, 0.156, -1.521, 0.634, 0.856, 0.0, 0.0]",2,-1.33,"[-1.278, 0.225, 0.167, -1.543, 0.656, 0.878, 0.0, 0.0]",False
"[-1.278, 0.225, 0.167, -1.543, 0.656, 0.878, 0.0, 0.0]",1,-1.33,"[-1.289, 0.223, 0.178, -1.564, 0.678, 0.901, 0.0, 0.0]",False
"[-1.289, 0.223, 0.178, -1.564, 0.678, 0.901, 0.0, 0.0]",3,-1.33,"[-1.301, 0.221, 0.189, -1.586, 0.701, 0.923, 0.0, 0.0]",False
"[-1.301, 0.221, 0.189, -1.586, 0.701, 0.923, 0.0, 0.0]",2,-1.33,"[-1.312, 0.219, 0.201, -1.608, 0.723, 0.945, 0.0, 0.0]",False
"[-1.312, 0.219, 0.201, -1.608, 0.723, 0.945, 0.0, 0.0]",1,-1.33,"[-1.323, 0.217, 0.212, -1.629, 0.745, 0.967, 0.0, 0.0]",False
"[-1.323, 0.217, 0.212, -1.629, 0.745, 0.967, 0.0, 0.0]",2,-1.33,"[-1.334, 0.215, 0.223, -1.651, 0.767, 0.989, 0.0, 0.0]",False
"[-1.334, 0.215, 0.223, -1.651, 0.767, 0.989, 0.0, 0.0]",3,-1.33,"[-1.345, 0.213, 0.234, -1.673, 0.789, 1.012, 0.0, 0.0]",False
"[-1.8, 0.98, 0.2, -1.0, 1.0, 0.5, 0.0, 0.0]",2,-1.8,"[-1.78, 0.976, 0.22, -1.05, 0.98, 0.48, 0.0, 0.0]",False
"[-1.08, 0.79, -2.0, -1.46, 0.59, 0.62, 0.0, 0.0]",2,-1.8,"[-1.06, 0.78, -5.0, -1.51, 0.61, 0.6, 0.0, 0.0]",False
"[-1.2, 0.2, 0.5, -1.8, 0.3, 0.8, 0.0, 0.0]",2,-2.3,"[-1.18, 0.18, 0.52, -1.82, 0.32, 0.78, 0.0, 0.0]",False
"[-1.2, 0.95, 0.3, -1.2, 0.8, 0.4, 0.0, 0.0]",1,-2.5,"[-1.18, 0.948, 0.28, -1.25, 0.82, 0.38, 0.0, 0.0]",False
"[-1.2, 0.2, 0.1, -1.0, 0.1, 0.5, 0.0, 0.0]",1,-2.5,"[-1.25, 0.195, 0.05, -1.02, 0.08, 0.48, 0.0, 0.0]",False
"[-1.06, 0.78, -5.0, -1.51, 0.61, 0.6, 0.0, 0.0]",3,-2.6,"[-1.04, 0.77, -8.0, -1.55, 0.63, 0.58, 0.0, 0.0]",False
"[0.0, 0.9, 0.0, -1.5, 0.0, 0.0, 0.0, 0.0]",2,-2.8,"[0.02, 0.89, 0.02, -1.52, 0.02, -1.48, 0.0, 0.0]",False
"[-1.2, 0.7, 0.1, -1.5, 0.1, 0.2, 0.0, 0.0]",2,-2.8,"[-1.25, 0.68, 0.12, -1.48, 0.12, 0.18, 0.0, 0.0]",False
"[-1.0, 0.5, 0.2, -1.5, 0.1, 0.05, 0.0, 0.0]",1,-2.8,"[-1.05, 0.48, 0.18, -1.48, 0.08, 0.04, 0.0, 0.0]",False
"[0.3, 0.9, -1.5, -1.0, 0.6, -1.8, 0.0, 0.0]",0,-2.8,"[0.32, 0.88, -1.48, -1.02, 0.62, -1.82, 0.0, 0.0]",False
"[-1.0, 0.5, 0.1, -1.2, 0.2, 0.3, 0.0, 0.0]",2,-2.84,"[-1.05, 0.49, 0.08, -1.15, 0.18, 0.28, 0.0, 0.0]",False
"[-1.05, 0.49, 0.08, -1.15, 0.18, 0.28, 0.0, 0.0]",3,-2.87,"[-1.1, 0.48, 0.09, -1.1, 0.19, 0.25, 0.0, 0.0]",False
"[-1.1, 0.48, 0.09, -1.1, 0.19, 0.25, 0.0, 0.0]",2,-2.9,"[-1.15, 0.47, 0.07, -1.05, 0.17, 0.23, 0.0, 0.0]",False
"[-1.15, 0.47, 0.07, -1.05, 0.17, 0.23, 0.0, 0.0]",1,-2.93,"[-1.2, 0.46, 0.05, -1.0, 0.15, 0.2, 0.0, 0.0]",False
"[-1.24, 0.944, -1.048, -1.054, -8.64, -2.86, 0.0, 0.0]",1,-2.94,"[-1.244, 0.943, -1.034, -1.075, -8.8, -2.34, 0.0, 0.0]",False
"[-1.244, 0.943, -1.034, -1.075, -8.8, -2.34, 0.0, 0.0]",0,-2.94,"[-1.247, 0.942, -1.02, -1.096, -8.96, -1.82, 0.0, 0.0]",False
"[-1.247, 0.942, -1.02, -1.096, -8.96, -1.82, 0.0, 0.0]",0,-2.94,"[-1.25, 0.941, -1.006, -1.117, -9.12, -1.3, 0.0, 0.0]",False
"[-1.23, 0.946, -1.076, -1.012, -8.32, -3.9, 0.0, 0.0]",1,-2.95,"[-1.235, 0.945, -1.062, -1.033, -8.48, -3.38, 0.0, 0.0]",False
"[-1.235, 0.945, -1.062, -1.033, -8.48, -3.38, 0.0, 0.0]",1,-2.95,"[-1.24, 0.944, -1.048, -1.054, -8.64, -2.86, 0.0, 0.0]",False
"[-1.2, 0.46, 0.05, -1.0, 0.15, 0.2, 0.0, 0.0]",2,-2.96,"[-1.25, 0.45, 0.03, -1.0, 0.13, 0.18, 0.0, 0.0]",False
"[-1.25, 0.45, 0.03, -1.0, 0.13, 0.18, 0.0, 0.0]",3,-2.99,"[-1.3, 0.44, 0.04, -1.05, 0.14, 0.16, 0.0, 0.0]",False
"[-1.3, 0.15, 0.9, -1.7, -1.9, 1.1, 0.0, 0.0]",2,-3.0,"[-1.32, 0.13, 0.92, -1.72, -1.92, 1.08, 0.0, 0.0]",False
"[-1.3, 0.44, 0.04, -1.05, 0.14, 0.16, 0.0, 0.0]",2,-3.02,"[-1.35, 0.43, 0.02, -1.0, 0.12, 0.14, 0.0, 0.0]",False
"[-1.35, 0.43, 0.02, -1.0, 0.12, 0.14, 0.0, 0.0]",1,-3.05,"[-1.4, 0.42, 0.0, -1.0, 0.1, 0.12, 0.0, 0.0]",False
"[0.8, 0.5, -1.0, -1.2, -1.1, -1.5, 0.0, 0.0]",1,-3.1,"[0.78, 0.48, -1.02, -1.22, -1.08, -1.52, 0.0, 0.0]",False
"[-1.2, 0.8, 0.05, -1.2, 0.1, 0.3, 0.0, 0.0]",3,-3.2,"[-1.18, 0.79, 0.08, -1.22, 0.12, 0.28, 0.0, 0.0]",False
"[0.8, 0.9, 0.5, -1.8, 0.4, 0.2, 0.0, 0.0]",3,-3.2,"[0.82, 0.88, 0.48, -1.76, 0.42, 0.22, 0.0, 0.0]",False
"[0.0, 0.2, -1.8, -1.8, 0.0, 0.0, 0.0, 0.0]",0,-3.2,"[0.0, 0.19, -1.79, -1.79, 0.0, 0.01, 0.0, 0.0]",False
"[-1.25, 0.941, -1.006, -1.117, -9.12, -1.3, 0.0, 0.0]",2,-3.24,"[-1.252, 0.94, -1.022, -1.138, -9.28, -1.78, 0.0, 0.0]",False
"[-1.0, 0.6, 1.2, -1.5, 1.4, 0.9, 0.0, 0.0]",2,-3.4,"[-1.02, 0.58, 1.22, -1.52, 1.42, 0.88, 0.0, 0.0]",False
"[-1.2, 0.6, 1.0, -1.2, -1.5, -2.0, 0.0, 0.0]",0,-3.5,"[-1.2, 0.59, 0.99, -1.19, -1.5, -2.01, 0.0, 0.0]",False
"[0.4, 0.8, -1.6, -1.3, -1.3, -1.4, 0.0, 0.0]",1,-3.5,"[0.38, 0.78, -1.62, -1.32, -1.28, -1.42, 0.0, 0.0]",False
"[-1.252, 0.94, -1.022, -1.138, -9.28, -1.78, 0.0, 0.0]",2,-3.54,"[-1.255, 0.939, -1.038, -1.159, -9.44, -2.26, 0.0, 0.0]",False
"[0.135, 0.047, -1.22, -1.116, 1.655, 0.475, 0.0, 1.0]",3,-1.03,"[0.132, 0.044, -1.227, -1.125, 1.68, 0.496, 0.0, 1.0]",False
"[0.132, 0.044, -1.227, -1.125, 1.68, 0.496, 0.0, 1.0]",3,-1.03,"[0.13, 0.041, -1.234, -1.134, 1.706, 0.519, 0.0, 1.0]",False
"[0.13, 0.041, -1.234, -1.134, 1.706, 0.519, 0.0, 1.0]",3,-1.03,"[0.127, 0.039, -1.24, -1.144, 1.733, 0.541, 0.0, 1.0]",False
"[0.127, 0.039, -1.24, -1.144, 1.733, 0.541, 0.0, 1.0]",3,-1.03,"[0.125, 0.036, -1.246, -1.156, 1.761, 0.568, 0.0, 1.0]",False
"[0.125, 0.036, -1.246, -1.156, 1.761, 0.568, 0.0, 1.0]",3,-1.03,"[0.122, 0.032, -1.251, -1.169, 1.791, 0.6, 0.0, 1.0]",False
"[0.122, 0.032, -1.251, -1.169, 1.791, 0.6, 0.0, 1.0]",3,-1.03,"[0.12, 0.029, -1.256, -1.184, 1.823, 0.632, 0.0, 1.0]",False
"[0.12, 0.029, -1.256, -1.184, 1.823, 0.632, 0.0, 1.0]",3,-1.03,"[0.117, 0.025, -1.26, -1.197, 1.856, 0.659, 0.0, 1.0]",False
"[0.117, 0.025, -1.26, -1.197, 1.856, 0.659, 0.0, 1.0]",3,-1.03,"[0.114, 0.02, -1.262, -1.212, 1.89, 0.691, 0.0, 1.0]",False
"[0.114, 0.02, -1.262, -1.212, 1.89, 0.691, 0.0, 1.0]",3,-1.03,"[0.112, 0.016, -1.265, -1.229, 1.927, 0.727, 0.0, 1.0]",False
"[0.112, 0.016, -1.265, -1.229, 1.927, 0.727, 0.0, 1.0]",3,-1.03,"[0.109, 0.012, -1.269, -1.243, 1.956, 0.748, 0.0, 1.0]",False
"[0.135, 0.047, -2.22, -1.16, 1.655, 0.475, 0.0, 1.0]",3,-1.07,"[0.132, 0.044, -2.27, -1.25, 1.68, 0.496, 0.0, 1.0]",False
"[0.132, 0.044, -2.27, -1.25, 1.68, 0.496, 0.0, 1.0]",3,-1.08,"[0.13, 0.041, -2.34, -1.34, 1.706, 0.519, 0.0, 1.0]",False
"[0.13, 0.041, -2.34, -1.34, 1.706, 0.519, 0.0, 1.0]",3,-1.09,"[0.127, 0.039, -2.4, -1.44, 1.733, 0.541, 0.0, 1.0]",False
"[0.127, 0.039, -2.4, -1.44, 1.733, 0.541, 0.0, 1.0]",3,-1.11,"[0.125, 0.036, -2.46, -1.56, 1.761, 0.568, 0.0, 1.0]",False
"[0.125, 0.036, -2.46, -1.56, 1.761, 0.568, 0.0, 1.0]",3,-1.13,"[0.122, 0.032, -2.51, -1.69, 1.791, 0.6, 0.0, 1.0]",False
"[0.122, 0.032, -2.51, -1.69, 1.791, 0.6, 0.0, 1.0]",3,-1.15,"[0.12, 0.029, -2.56, -1.84, 1.823, 0.632, 0.0, 1.0]",False
"[0.12, 0.029, -2.56, -1.84, 1.823, 0.632, 0.0, 1.0]",3,-1.18,"[0.117, 0.025, -2.6, -1.97, 1.856, 0.659, 0.0, 1.0]",False
"[0.135, 0.047, -1.22, -1.116, 1.655, 0.475, 0.0, 1.0]",3,-1.2,"[0.132, 0.044, -1.227, -1.125, 1.68, 0.496, 0.0, 1.0]",False
"[0.117, 0.025, -2.6, -1.97, 1.856, 0.659, 0.0, 1.0]",3,-1.22,"[0.114, 0.02, -2.62, -2.12, 1.89, 0.691, 0.0, 1.0]",False
"[0.135, 0.047, -1.22, -1.116, 1.655, 0.475, 0.0, 1.0]",3,-1.23,"[0.132, 0.044, -1.227, -1.125, 1.68, 0.496, 0.0, 1.0]",False
"[0.114, 0.02, -2.62, -2.12, 1.89, 0.691, 0.0, 1.0]",3,-1.28,"[0.112, 0.016, -2.65, -2.29, 1.927, 0.727, 0.0, 1.0]",False
"[0.132, 0.044, -1.227, -1.125, 1.68, 0.496, 0.0, 1.0]",3,-1.28,"[0.13, 0.041, -1.234, -1.134, 1.706, 0.519, 0.0, 1.0]",False
"[0.132, 0.044, -1.227, -1.125, 1.68, 0.496, 0.0, 1.0]",3,-1.3,"[0.13, 0.041, -1.234, -1.134, 1.706, 0.519, 0.0, 1.0]",False
"[0.13, 0.041, -1.234, -1.134, 1.706, 0.519, 0.0, 1.0]",3,-1.33,"[0.127, 0.039, -1.24, -1.144, 1.733, 0.541, 0.0, 1.0]",False
"[0.112, 0.016, -2.65, -2.29, 1.927, 0.727, 0.0, 1.0]",3,-1.35,"[0.109, 0.012, -2.79, -2.196, 1.975, 0.964, 0.0, 1.0]",False
"[0.127, 0.039, -1.24, -1.144, 1.733, 0.541, 0.0, 1.0]",3,-1.38,"[0.125, 0.036, -1.246, -1.156, 1.761, 0.568, 0.0, 1.0]",False
"[0.13, 0.041, -1.234, -1.134, 1.706, 0.519, 0.0, 1.0]",3,-1.4,"[0.127, 0.039, -1.24, -1.144, 1.733, 0.541, 0.0, 1.0]",False
"[0.197, 1.323, 0.595, -1.029, 0.287, 0.417, 0.0, 0.0]",1,-1.4,"[0.204, 1.32, 0.585, -1.013, 0.304, 0.458, 0.0, 0.0]",False
"[0.125, 0.036, -1.246, -1.156, 1.761, 0.568, 0.0, 1.0]",3,-1.43,"[0.122, 0.032, -1.251, -1.169, 1.791, 0.6, 0.0, 1.0]",False
"[0.122, 0.032, -1.251, -1.169, 1.791, 0.6, 0.0, 1.0]",3,-1.48,"[0.12, 0.029, -1.256, -1.184, 1.823, 0.632, 0.0, 1.0]",False
"[0.127, 0.039, -1.24, -1.144, 1.733, 0.541, 0.0, 1.0]",3,-1.5,"[0.125, 0.036, -1.246, -1.156, 1.761, 0.568, 0.0, 1.0]",False
"[0.19, 1.326, 0.604, -1.046, 0.27, 0.422, 0.0, 0.0]",2,-1.5,"[0.197, 1.323, 0.595, -1.029, 0.287, 0.417, 0.0, 0.0]",False
"[0.12, 0.029, -1.256, -1.184, 1.823, 0.632, 0.0, 1.0]",3,-1.53,"[0.117, 0.025, -1.26, -1.197, 1.856, 0.659, 0.0, 1.0]",False
"[0.135, 0.047, -1.22, -1.116, 1.655, 0.475, 0.0, 1.0]",3,-1.57,"[0.132, 0.044, -1.227, -1.125, 1.68, 0.496, 0.0, 1.0]",False
"[0.117, 0.025, -1.26, -1.197, 1.856, 0.659, 0.0, 1.0]",3,-1.58,"[0.114, 0.02, -1.262, -1.212, 1.89, 0.691, 0.0, 1.0]",False
"[0.112, 0.016, -1.265, -1.229, 1.927, 0.727, 0.0, 1.0]",3,-1.58,"[0.109, 0.012, -1.279, -1.196, 1.975, 0.964, 0.0, 1.0]",False
"[0.132, 0.044, -1.227, -1.125, 1.68, 0.496, 0.0, 1.0]",3,-1.59,"[0.13, 0.041, -1.234, -1.134, 1.706, 0.519, 0.0, 1.0]",False
"[0.125, 0.036, -1.246, -1.156, 1.761, 0.568, 0.0, 1.0]",3,-1.6,"[0.122, 0.032, -1.251, -1.169, 1.791, 0.6, 0.0, 1.0]",False
"[0.183, 1.329, 0.614, -1.062, 0.253, 0.381, 0.0, 0.0]",1,-1.6,"[0.19, 1.326, 0.604, -1.046, 0.27, 0.422, 0.0, 0.0]",False
"[0.13, 0.041, -1.234, -1.134, 1.706, 0.519, 0.0, 1.0]",3,-1.61,"[0.127, 0.039, -1.24, -1.144, 1.733, 0.541, 0.0, 1.0]",False
"[0.114, 0.02, -1.262, -1.212, 1.89, 0.691, 0.0, 1.0]",3,-1.63,"[0.112, 0.016, -1.265, -1.229, 1.927, 0.727, 0.0, 1.0]",False
"[0.127, 0.039, -1.24, -1.144, 1.733, 0.541, 0.0, 1.0]",3,-1.63,"[0.125, 0.036, -1.246, -1.156, 1.761, 0.568, 0.0, 1.0]",False
"[0.125, 0.036, -1.246, -1.156, 1.761, 0.568, 0.0, 1.0]",3,-1.65,"[0.122, 0.032, -1.251, -1.169, 1.791, 0.6, 0.0, 1.0]",False
"[0.122, 0.032, -1.251, -1.169, 1.791, 0.6, 0.0, 1.0]",3,-1.67,"[0.12, 0.029, -1.256, -1.184, 1.823, 0.632, 0.0, 1.0]",False
"[0.112, 0.016, -1.265, -1.229, 1.927, 0.727, 0.0, 1.0]",3,-1.68,"[0.109, 0.012, -1.279, -1.196, 1.975, 0.964, 0.0, 1.0]",False
"[0.12, 0.029, -1.256, -1.184, 1.823, 0.632, 0.0, 1.0]",3,-1.69,"[0.117, 0.025, -1.26, -1.197, 1.856, 0.659, 0.0, 1.0]",False
"[0.122, 0.032, -1.251, -1.169, 1.791, 0.6, 0.0, 1.0]",3,-1.7,"[0.12, 0.029, -1.256, -1.184, 1.823, 0.632, 0.0, 1.0]",False
"[0.171, 1.336, 0.621, -1.094, 0.22, 0.386, 0.0, 0.0]",2,-1.7,"[0.178, 1.332, 0.612, -1.077, 0.237, 0.381, 0.0, 0.0]",False
"[0.178, 1.332, 0.612, -1.077, 0.237, 0.381, 0.0, 0.0]",0,-1.7,"[0.183, 1.329, 0.614, -1.062, 0.253, 0.381, 0.0, 0.0]",False
"[0.117, 0.025, -1.26, -1.197, 1.856, 0.659, 0.0, 1.0]",3,-1.71,"[0.114, 0.02, -1.262, -1.212, 1.89, 0.691, 0.0, 1.0]",False
"[-1.2, 0.42, -1.1, 0.05, -1.1, -1.0, 0.0, 0.0]",2,-1.23,"[-1.2, 0.42, -1.05, 0.07, -1.14, -1.02, 0.0, 0.0]",False
"[-1.3, 0.43, -1.15, 0.08, -1.16, -1.05, 0.0, 0.0]",1,-1.25,"[-1.3, 0.43, -1.12, 0.06, -1.18, -1.01, 0.0, 0.0]",False
"[-1.4, 0.44, -1.2, 0.1, -1.2, -1.08, 0.0, 0.0]",0,-1.28,"[-1.4, 0.44, -1.2, 0.1, -1.22, -1.08, 0.0, 0.0]",False
"[-1.5, 0.45, -1.25, 0.12, -1.24, -1.1, 0.0, 0.0]",3,-1.3,"[-1.5, 0.45, -1.22, 0.14, -1.26, -1.12, 0.0, 0.0]",False
"[-1.6, 0.46, -1.3, 0.15, -1.28, -1.15, 0.0, 0.0]",2,-1.33,"[-1.6, 0.46, -1.25, 0.17, -1.32, -1.17, 0.0, 0.0]",False
"[-1.7, 0.47, -1.35, 0.18, -1.34, -1.2, 0.0, 0.0]",1,-1.35,"[-1.7, 0.47, -1.32, 0.16, -1.36, -1.16, 0.0, 0.0]",False
"[-1.8, 0.48, -1.4, 0.2, -1.38, -1.22, 0.0, 0.0]",0,-1.38,"[-1.8, 0.48, -1.4, 0.2, -1.4, -1.22, 0.0, 0.0]",False
"[-1.9, 0.49, -1.45, 0.22, -1.42, -1.25, 0.0, 0.0]",2,-1.4,"[-1.9, 0.49, -1.4, 0.24, -1.46, -1.27, 0.0, 0.0]",False
"[-2.0, 0.5, -1.5, 0.25, -1.48, -1.3, 0.0, 0.0]",3,-1.43,"[-2.0, 0.5, -1.47, 0.27, -1.5, -1.32, 0.0, 0.0]",False
"[-2.1, 0.51, -1.55, 0.28, -1.52, -1.35, 0.0, 0.0]",1,-1.45,"[-2.1, 0.51, -1.52, 0.26, -1.54, -1.31, 0.0, 0.0]",False
"[-1.0, 0.45, -1.0, -1.7, 0.0, 0.0, 0.0, 0.0]",3,-1.7,"[-1.0, 0.44, -1.05, -1.68, 0.04, 0.0, 0.0, 0.0]",False
"[-1.1, 0.42, -1.05, -1.75, -1.0, 0.0, 0.0, 0.0]",1,-1.9,"[-1.1, 0.415, -1.0, -1.73, -1.05, -1.0, 0.0, 0.0]",False
"[-1.1, 0.43, -1.05, -1.75, 0.0, 0.0, 0.0, 0.0]",1,-1.9,"[-1.1, 0.425, -1.0, -1.73, -1.0, 0.0, 0.0, 0.0]",False
"[-0.151, 0.452, 0.021, 0.092, -1.185, -0.8, 0.0, 0.0]",1,-2.0,"[-0.151, 0.454, 0.017, 0.071, -1.225, -0.76, 0.0, 0.0]",False
"[-1.2, 0.38, -1.1, -1.8, 0.0, 0.0, 0.0, 0.0]",3,-2.1,"[-1.2, 0.37, -1.05, -1.78, 0.05, 0.05, 0.0, 0.0]",False
"[-1.2, 0.4, -1.1, -1.8, 1.0, 0.0, 0.0, 0.0]",0,-2.1,"[-1.2, 0.395, -1.05, -1.78, 1.0, 0.0, 0.0, 0.0]",False
"[-0.151, 0.443, -0.025, 0.136, -1.06, -0.837, 0.0, 0.0]",0,-2.1,"[-0.151, 0.446, -0.025, 0.109, -1.06, -0.837, 0.0, 0.0]",False
"[-1.484, 0.445, -2.0, -1.51, -1.484, -2.14, 0.0, 0.0]",1,-2.17,"[-1.484, 0.442, -2.0, -1.53, -1.484, -2.06, 0.0, 0.0]",False
"[-1.484, 0.442, -2.0, -1.53, -1.484, -2.06, 0.0, 0.0]",1,-2.19,"[-1.484, 0.439, -2.0, -1.55, -1.484, -1.98, 0.0, 0.0]",False
"[-1.484, 0.439, -2.0, -1.55, -1.484, -1.98, 0.0, 0.0]",1,-2.21,"[-1.484, 0.436, -2.0, -1.57, -1.484, -1.9, 0.0, 0.0]",False
"[-1.484, 0.436, -2.0, -1.57, -1.484, -1.9, 0.0, 0.0]",0,-2.23,"[-1.484, 0.433, -2.0, -1.59, -1.484, -1.82, 0.0, 0.0]",False
"[-1.484, 0.43, -2.0, -1.61, -1.484, -1.74, 0.0, 0.0]",3,-2.25,"[-1.484, 0.427, -2.0, -1.63, -1.484, -1.66, 0.0, 0.0]",False
"[-1.484, 0.427, -2.0, -1.63, -1.484, -1.66, 0.0, 0.0]",3,-2.27,"[-1.484, 0.424, -2.0, -1.65, -1.484, -1.58, 0.0, 0.0]",False
"[-1.484, 0.424, -2.0, -1.65, -1.484, -1.58, 0.0, 0.0]",3,-2.29,"[-1.484, 0.421, -2.0, -1.67, -1.484, -1.5, 0.0, 0.0]",False
"[-1.3, 0.39, -1.15, -1.85, 0.0, 0.0, 0.0, 0.0]",0,-2.3,"[-1.3, 0.385, -1.1, -1.83, 0.0, 0.0, 0.0, 0.0]",False
"[-0.142, 0.427, -0.298, 0.117, -0.855, -0.814, 0.0, 0.0]",2,-2.3,"[-0.146, 0.43, -0.282, 0.125, -0.895, -0.819, 0.0, 0.0]",False
"[-1.484, 0.418, -2.0, -1.69, -1.484, -1.42, 0.0, 0.0]",1,-2.31,"[-1.484, 0.415, -2.0, -1.71, -1.484, -1.34, 0.0, 0.0]",False
"[-1.3, 0.37, -1.15, -1.85, -1.5, 0.0, 0.0, 0.0]",2,-2.4,"[-1.3, 0.365, -1.1, -1.83, -1.55, -1.5, 0.0, 0.0]",False
"[-1.4, 0.35, -1.2, -1.9, 0.0, 0.0, 0.0, 0.0]",3,-2.5,"[-1.4, 0.34, -1.25, -1.88, 0.05, 0.0, 0.0, 0.0]",False
"[-0.135, 0.421, -0.387, 0.115, -0.775, -0.817, 0.0, 0.0]",3,-2.5,"[-0.138, 0.423, -0.37, 0.119, -0.735, -0.822, 0.0, 0.0]",False
"[-1.484, 0.433, -2.0, -1.59, -1.484, -1.82, 0.0, 0.0]",2,-2.53,"[-1.484, 0.43, -2.0, -1.61, -1.484, -1.74, 0.0, 0.0]",False
"[-1.484, 0.421, -2.0, -1.67, -1.484, -1.5, 0.0, 0.0]",2,-2.59,"[-1.484, 0.418, -2.0, -1.69, -1.484, -1.42, 0.0, 0.0]",False
"[-1.852, 0.469, -1.118, -1.12, 0.0, 0.0]",1,-2.59,"[-1.887, 0.471, -1.071, -1.1, 0.0, 0.0]",False
"[-1.4, 0.36, -1.2, -1.9, 0.5, 0.0, 0.0, 0.0]",2,-2.6,"[-1.4, 0.35, -1.15, -1.88, 0.55, 0.5, 0.0, 0.0]",False
"[-1.816, 0.466, -1.165, -1.129, 0.0, 0.0]",2,-2.61,"[-1.852, 0.469, -1.118, -1.12, 0.0, 0.0]",False
"[-1.779, 0.463, -1.211, -1.138, 0.0, 0.0]",2,-2.64,"[-1.816, 0.466, -1.165, -1.129, 0.0, 0.0]",False
"[-1.741, 0.46, -1.256, -1.147, 0.0, 0.0]",2,-2.67,"[-1.779, 0.463, -1.211, -1.138, 0.0, 0.0]",False
"[-1.5, 0.33, -1.25, -1.95, 0.0, 0.0, 0.0, 0.0]",1,-2.7,"[-1.5, 0.32, -1.2, -1.93, -1.0, 0.0, 0.0, 0.0]",False
"[-1.702, 0.457, -1.3, -1.156, 0.0, 0.0]",2,-2.7,"[-1.741, 0.46, -1.256, -1.147, 0.0, 0.0]",False
"[-0.126, 0.415, -0.489, 0.08, -0.693, -0.808, 0.0, 0.0]",1,-2.7,"[-0.129, 0.416, -0.506, 0.084, -0.733, -0.802, 0.0, 0.0]",False
"[-1.662, 0.454, -1.343, -1.165, 0.0, 0.0]",2,-2.73,"[-1.702, 0.457, -1.3, -1.156, 0.0, 0.0]",False
"[-1.621, 0.451, -1.385, -1.174, 0.0, 0.0]",2,-2.76,"[-1.662, 0.454, -1.343, -1.165, 0.0, 0.0]",False
"[-1.579, 0.448, -1.426, -1.183, 0.0, 0.0]",2,-2.79,"[-1.621, 0.451, -1.385, -1.174, 0.0, 0.0]",False
"[-0.115, 0.411, -0.564, 0.063, -0.612, -0.806, 0.0, 0.0]",2,-2.8,"[-0.121, 0.413, -0.54, 0.068, -0.652, -0.812, 0.0, 0.0]",False
"[-1.1, 0.405, -1.15, 0.015, -1.85, -1.1, 0.0, 0.0]",1,-2.8,"[-1.1, 0.405, -1.15, -1.0, -1.85, -1.1, 0.0, 0.0]",False
"[-1.08, 0.41, -1.13, 0.01, -1.9, -1.05, 0.0, 0.0]",1,-2.8,"[-1.08, 0.41, -1.13, -1.0, -1.9, -1.05, 0.0, 0.0]",False
"[-1.537, 0.445, -1.466, -1.192, 0.0, 0.0]",2,-2.82,"[-1.579, 0.448, -1.426, -1.183, 0.0, 0.0]",False
"[-1.494, 0.442, -1.505, -1.201, 0.0, 0.0]",2,-2.85,"[-1.537, 0.445, -1.466, -1.192, 0.0, 0.0]",False
"[-1.05, 0.402, -1.12, 0.012, -1.95, -1.02, 0.0, 0.0]",1,-2.9,"[-1.05, 0.399, -1.12, -1.0, -2.0, -1.02, 0.0, 0.0]",False
"[-1.18, 0.448, -1.23, 0.008, -1.25, -1.55, 0.0, 0.0]",3,-2.9,"[-1.18, 0.448, -1.23, -1.0, -1.25, -1.55, 0.0, 0.0]",False
"[0.67, -1.12, -2.34, -1.89, -1.45, -3.21, 1.0, 1.0]",0,18.7,"[0.64, -1.16, -2.28, -1.83, -1.45, -3.18, 1.0, 1.0]",False
"[-1.8, -4.5, -1.6, -5.9, -1.2, 2.1, 1.0, 1.0]",1,18.3,"[-1.78, -4.58, -1.58, -6.3, -1.19, 1.85, 1.0, 1.0]",False
"[-2.1, -2.8, 0.9, -4.1, 0.6, 0.8, 1.0, 1.0]",3,15.9,"[-2.12, -2.87, 0.84, -4.35, 0.62, 0.6, 1.0, 1.0]",False
"[1.23, -1.89, -2.78, 1.45, -3.21, 0.89, 1.0, 0.0]",2,14.2,"[1.2, -1.93, -2.72, 1.4, -3.16, 1.11, 1.0, 1.0]",False
"[-1.45, -2.78, 1.23, -2.89, 0.45, -2.34, 0.0, 1.0]",2,12.1,"[-1.48, -2.82, 1.29, -2.94, 0.5, -2.12, 1.0, 1.0]",False
"[1.1, -2.2, -1.3, -3.1, -2.1, -1.8, 1.0, 1.0]",1,12.1,"[1.08, -2.27, -1.28, -3.4, -2.09, -1.5, 1.0, 1.0]",False
"[2.34, -4.12, -3.56, -1.23, -1.89, 2.45, 1.0, 1.0]",3,8.9,"[2.31, -4.16, -3.5, -1.18, -1.84, 2.67, 1.0, 1.0]",False
"[0.15, -1.8, 0.8, -1.2, -1.5, -2.3, 1.0, 0.0]",3,8.5,"[0.16, -1.85, 0.75, -1.4, -1.52, -2.1, 1.0, 0.0]",False
"[-1.09, 0.41, 0.17, -1.12, -1.6, 0.15, 0.0, 0.0]",2,8.2,"[-1.04, 0.39, 0.18, -1.0, -2.0, 0.0, 1.0, 1.0]",False
"[-1.04, 0.39, 0.18, -1.0, -2.0, 0.0, 1.0, 1.0]",1,8.1,"[-1.07, 0.38, 0.17, -1.05, -1.5, 0.05, 1.0, 1.0]",False
"[-1.07, 0.38, 0.17, -1.05, -1.5, 0.05, 1.0, 1.0]",0,8.0,"[-1.05, 0.37, 0.18, -1.1, -1.55, 0.1, 1.0, 1.0]",False
"[1.6, -1.9, 1.5, -2.1, -1.8, -1.2, 1.0, 0.0]",2,7.2,"[1.62, -1.95, 1.45, -2.4, -1.81, -1.0, 1.0, 0.0]",False
"[-1.5, -4.2, -3.0, 1.4, 2.1, -3.5, 1.0, 1.0]",2,1.2,"[-1.4, -4.3, -3.1, 1.3, 2.0, -3.3, 1.0, 1.0]",False
"[-1.12, 0.0, -1.15, -1.25, -1.0, 0.0, 0.0, 0.0]",1,-1.03,"[-1.12, -1.0, -1.16, -1.26, -1.0, 0.0, 0.0, 0.0]",False
"[-1.12, -1.0, -1.16, -1.28, -1.0, 0.0, 0.0, 0.0]",3,-1.03,"[-1.12, -1.0, -1.16, -1.29, -1.0, 0.0, 0.0, 0.0]",False
"[-1.12, -1.0, -1.16, -1.31, -1.0, 0.0, 0.0, 0.0]",1,-1.03,"[-1.12, -1.0, -1.17, -1.32, -1.0, 0.0, 0.0, 0.0]",False
"[-1.12, -1.0, -1.17, -1.32, -1.0, 0.0, 0.0, 0.0]",3,-1.03,"[-1.12, -1.0, -1.17, -1.33, -1.0, 0.0, 0.0, 0.0]",False
"[-1.12, -1.0, -1.17, -1.37, -1.0, 0.0, 0.0, 0.0]",1,-1.03,"[-1.12, -1.0, -1.18, -1.38, -1.0, 0.0, 0.0, 0.0]",False
"[-1.12, -1.0, -1.18, -1.38, -1.0, 0.0, 0.0, 0.0]",3,-1.03,"[-1.12, -1.0, -1.18, -1.39, -1.0, 0.0, 0.0, 0.0]",False
"[-1.2, 0.5, 0.8, -1.5, 0.2, -2.1, 0.0, 0.0]",2,-1.2,"[-1.1, 0.4, 0.7, -1.6, 0.2, -1.8, 0.0, 0.0]",False
"[-1.12, -1.0, -1.16, -1.26, -1.0, 0.0, 0.0, 0.0]",2,-1.33,"[-1.12, -1.0, -1.16, -1.28, -1.0, 0.0, 0.0, 0.0]",False
"[-1.12, -1.0, -1.16, -1.29, -1.0, 0.0, 0.0, 0.0]",2,-1.33,"[-1.12, -1.0, -1.16, -1.31, -1.0, 0.0, 0.0, 0.0]",False
"[-1.12, -1.0, -1.17, -1.33, -1.0, 0.0, 0.0, 0.0]",2,-1.33,"[-1.12, -1.0, -1.17, -1.35, -1.0, 0.0, 0.0, 0.0]",False
"[-1.12, -1.0, -1.17, -1.35, -1.0, 0.0, 0.0, 0.0]",2,-1.33,"[-1.12, -1.0, -1.17, -1.37, -1.0, 0.0, 0.0, 0.0]",False
"[0.3, -2.1, -1.2, 0.9, -1.5, 1.8, 1.0, 0.0]",1,-1.5,"[0.2, -2.2, -1.3, 0.8, -1.4, 1.6, 1.0, 0.0]",False
"[-1.0, 0.5, 0.1, -2.0, 0.05, 0.1, 0.0, 0.0]",1,-1.59,"[-1.01, 0.49, 0.0, -2.1, 0.06, 0.05, 0.0, 0.0]",False
"[1.8, -1.9, -1.0, 0.6, 0.8, -1.2, 0.0, 1.0]",0,-1.8,"[1.7, -2.0, -1.1, 0.5, 0.8, -1.0, 0.0, 1.0]",False
"[-1.16, 0.46, 0.13, -1.3, 0.005, -1.0, 0.0, 0.0]",2,-1.8,"[-1.1, 0.44, 0.15, -1.0, -2.5, 0.0, 0.0, 0.0]",False
"[-1.01, 0.49, 0.0, -2.1, 0.06, 0.05, 0.0, 0.0]",2,-1.87,"[-1.02, 0.48, -1.0, -2.0, 0.05, -1.0, 0.0, 0.0]",False
"[-1.03, 0.47, -1.1, -1.9, 0.04, -1.1, 0.0, 0.0]",1,-1.87,"[-1.04, 0.46, -1.0, -2.0, 0.05, -1.0, 0.0, 0.0]",False
"[-1.02, 0.48, -1.0, -2.0, 0.05, -1.0, 0.0, 0.0]",3,-1.89,"[-1.03, 0.47, -1.1, -1.9, 0.04, -1.1, 0.0, 0.0]",False
"[-1.05, 0.45, -1.0, -2.1, 0.05, -1.0, 0.0, 0.0]",3,-1.89,"[-1.06, 0.44, -1.1, -2.0, 0.04, -1.1, 0.0, 0.0]",False
"[-1.1, 0.44, 0.15, -1.0, -2.5, 0.0, 0.0, 0.0]",0,-1.9,"[-1.08, 0.43, 0.16, -1.05, -2.6, 0.05, 0.0, 0.0]",False
"[-1.04, 0.46, -1.0, -2.0, 0.05, -1.0, 0.0, 0.0]",0,-1.9,"[-1.05, 0.45, -1.0, -2.1, 0.05, -1.0, 0.0, 0.0]",False
"[-2.4, 1.2, 1.5, -1.2, -2.0, 2.5, 1.0, 1.0]",2,-2.0,"[-2.3, 1.1, 1.4, -1.3, -1.9, 2.3, 1.0, 1.0]",False
"[-1.08, 0.43, 0.16, -1.05, -2.6, 0.05, 0.0, 0.0]",1,-2.0,"[-1.11, 0.42, 0.15, -1.08, -2.1, 0.1, 0.0, 0.0]",False
"[-1.07, 0.43, -2.0, -1.9, 0.03, -2.0, 0.0, 0.0]",1,-2.05,"[-1.08, 0.42, -1.9, -2.0, 0.04, -1.9, 0.0, 0.0]",False
"[-1.06, 0.44, -1.1, -2.0, 0.04, -1.1, 0.0, 0.0]",2,-2.07,"[-1.07, 0.43, -2.0, -1.9, 0.03, -2.0, 0.0, 0.0]",False
"[-1.08, 0.42, -1.9, -2.0, 0.04, -1.9, 0.0, 0.0]",3,-2.07,"[-1.09, 0.41, -2.0, -1.9, 0.03, -2.0, 0.0, 0.0]",False
"[-1.11, 0.42, 0.15, -1.08, -2.1, 0.1, 0.0, 0.0]",3,-2.1,"[-1.09, 0.41, 0.17, -1.12, -1.6, 0.15, 0.0, 0.0]",False
"[-1.09, 0.41, -2.0, -1.9, 0.03, -2.0, 0.0, 0.0]",0,-2.1,"[-1.1, 0.4, -2.0, -2.0, 0.03, -2.0, 0.0, 0.0]",False
"[2.1, -2.8, -1.8, 0.3, 0.3, -1.9, 1.0, 0.0]",0,-2.2,"[2.0, -2.9, -1.9, 0.2, 0.3, -1.7, 1.0, 0.0]",False
"[-1.1, -2.5, 0.1, -1.2, 0.02, 0.5, 0.0, 0.0]",2,-2.3,"[-1.1, -2.6, 0.08, -1.3, 0.02, 0.1, 0.0, 0.0]",False
"[-1.2, 0.5, 0.1, -1.5, 0.02, 0.1, 0.0, 0.0]",2,-2.3,"[-1.15, 0.48, 0.12, -1.2, 0.01, -2.0, 0.0, 0.0]",False
"[-1.15, 0.48, 0.12, -1.2, 0.01, -2.0, 0.0, 0.0]",1,-2.4,"[-1.18, 0.47, 0.11, -1.25, 0.015, -1.5, 0.0, 0.0]",False
"[3.2, 1.5, 1.0, -1.0, -1.8, 2.0, 0.0, 0.0]",1,-2.5,"[3.1, 1.4, 0.9, -1.1, -1.9, 1.8, 0.0, 0.0]",False
"[-1.2, -2.6, 0.08, -1.3, 0.02, 0.1, 0.0, 0.0]",1,-2.5,"[-1.21, -2.7, -1.5, -1.35, 0.05, 0.15, 0.0, 0.0]",False
"[-1.18, 0.47, 0.11, -1.25, 0.015, -1.5, 0.0, 0.0]",3,-2.5,"[-1.16, 0.46, 0.13, -1.3, 0.005, -1.0, 0.0, 0.0]",False
"[-1.21, -2.7, -1.5, -1.35, 0.05, 0.15, 0.0, 0.0]",3,-2.7,"[-1.21, -2.8, -1.4, -1.4, 0.03, 0.2, 0.0, 0.0]",False
"[-3.8, 0.1, 0.4, -1.8, 0.05, -3.2, 0.0, 0.0]",3,-2.8,"[-3.7, 0.0, 0.3, -1.9, 0.1, -3.0, 0.0, 0.0]",False
"[0.307, 1.257, -0.0306, -0.118, 0.543, -0.157, 0.0, 0.0]",2,-1.5,"[0.306, 1.255, -0.073, -0.114, 0.533, -0.192, 0.0, 0.0]",False
"[0.306, 1.255, -0.073, -0.114, 0.533, -0.192, 0.0, 0.0]",3,-1.6,"[0.305, 1.252, -0.064, -0.137, 0.523, -0.226, 0.0, 0.0]",False
"[0.305, 1.252, -0.064, -0.137, 0.523, -0.226, 0.0, 0.0]",3,-1.8,"[0.304, 1.25, -0.055, -0.16, 0.513, -0.259, 0.0, 0.0]",False
"[0.304, 1.25, -0.055, -0.16, 0.513, -0.259, 0.0, 0.0]",0,-1.8,"[0.303, 1.249, -0.055, -0.16, 0.523, -0.259, 0.0, 0.0]",False
"[0.302, 1.246, -0.046, -0.183, 0.513, -0.293, 0.0, 0.0]",2,-1.9,"[0.301, 1.244, -0.088, -0.179, 0.503, -0.328, 0.0, 0.0]",False
"[0.303, 1.249, -0.055, -0.16, 0.523, -0.259, 0.0, 0.0]",3,-2.0,"[0.302, 1.246, -0.046, -0.183, 0.513, -0.293, 0.0, 0.0]",False
"[0.299, 1.24, -0.079, -0.202, 0.503, -0.362, 0.0, 0.0]",2,-2.0,"[0.298, 1.238, -0.121, -0.198, 0.493, -0.397, 0.0, 0.0]",False
"[0.301, 1.244, -0.088, -0.179, 0.503, -0.328, 0.0, 0.0]",3,-2.1,"[0.3, 1.241, -0.079, -0.202, 0.493, -0.362, 0.0, 0.0]",False
"[0.3, 1.241, -0.079, -0.202, 0.493, -0.362, 0.0, 0.0]",0,-2.1,"[0.299, 1.24, -0.079, -0.202, 0.503, -0.362, 0.0, 0.0]",False
"[0.307, 1.257, -1.06, -1.118, 0.543, -1.157, 0.0, 0.0]",3,-2.1,"[0.306, 1.254, -1.052, -1.141, 0.533, -1.194, 0.0, 0.0]",False
"[0.307, 1.257, -2.06, -1.118, 0.543, -1.57, 0.0, 0.0]",1,-2.1,"[0.305, 1.254, -2.04, -1.13, 0.533, -1.6, 0.0, 0.0]",False
"[0.305, 1.254, -2.04, -1.13, 0.533, -1.6, 0.0, 0.0]",3,-2.1,"[0.304, 1.251, -2.02, -1.14, 0.523, -1.63, 0.0, 0.0]",False
"[0.304, 1.251, -2.02, -1.14, 0.523, -1.63, 0.0, 0.0]",2,-2.1,"[0.302, 1.248, -2.0, -1.15, 0.513, -1.66, 0.0, 0.0]",False
"[0.302, 1.248, -2.0, -1.15, 0.513, -1.66, 0.0, 0.0]",0,-2.1,"[0.3, 1.245, -2.0, -1.16, 0.503, -1.66, 0.0, 0.0]",False
"[0.3, 1.245, -2.0, -1.16, 0.503, -1.66, 0.0, 0.0]",2,-2.1,"[0.298, 1.242, -1.98, -1.17, 0.493, -1.69, 0.0, 0.0]",False
"[0.298, 1.242, -1.98, -1.17, 0.493, -1.69, 0.0, 0.0]",1,-2.1,"[0.296, 1.239, -1.96, -1.18, 0.483, -1.72, 0.0, 0.0]",False
"[0.296, 1.239, -1.96, -1.18, 0.483, -1.72, 0.0, 0.0]",3,-2.1,"[0.295, 1.236, -1.94, -1.19, 0.473, -1.75, 0.0, 0.0]",False
"[0.295, 1.236, -1.94, -1.19, 0.473, -1.75, 0.0, 0.0]",0,-2.1,"[0.293, 1.233, -1.94, -1.2, 0.463, -1.75, 0.0, 0.0]",False
"[0.293, 1.233, -1.94, -1.2, 0.463, -1.75, 0.0, 0.0]",2,-2.1,"[0.291, 1.23, -1.92, -1.21, 0.453, -1.78, 0.0, 0.0]",False
"[0.291, 1.23, -1.92, -1.21, 0.453, -1.78, 0.0, 0.0]",3,-2.1,"[0.29, 1.227, -1.9, -1.22, 0.443, -1.81, 0.0, 0.0]",False
"[0.307, 1.257, -1.06, -1.118, 0.543, -1.157, 0.0, 0.0]",3,-2.1,"[0.306, 1.254, -1.055, -1.142, 0.533, -1.197, 0.0, 0.0]",False
"[0.298, 1.238, -0.121, -0.198, 0.493, -0.397, 0.0, 0.0]",3,-2.3,"[0.297, 1.235, -0.11, -0.221, 0.483, -0.431, 0.0, 0.0]",False
"[0.306, 1.254, -1.052, -1.141, 0.533, -1.194, 0.0, 0.0]",2,-2.4,"[0.305, 1.251, -1.044, -1.164, 0.523, -1.231, 0.0, 0.0]",False
"[0.307, 1.257, -1.06, -1.118, 0.543, -1.157, 0.0, 0.0]",3,-2.5,"[0.306, 1.254, -1.048, -1.142, 0.533, -1.197, 0.0, 0.0]",False
"[0.307, 1.257, -1.06, -1.118, 0.543, -1.157, 0.0, 0.0]",3,-2.5,"[0.306, 1.254, -1.051, -1.142, 0.535, -1.197, 0.0, 0.0]",False
"[0.306, 1.254, -1.051, -1.142, 0.535, -1.197, 0.0, 0.0]",2,-2.6,"[0.305, 1.251, -1.042, -1.166, 0.527, -1.237, 0.0, 0.0]",False
"[0.305, 1.251, -1.044, -1.164, 0.523, -1.231, 0.0, 0.0]",1,-2.7,"[0.304, 1.248, -1.036, -1.187, 0.513, -1.268, 0.0, 0.0]",False
"[0.305, 1.251, -1.042, -1.166, 0.527, -1.237, 0.0, 0.0]",1,-2.7,"[0.304, 1.248, -1.033, -1.19, 0.519, -1.277, 0.0, 0.0]",False
"[0.307, 1.257, -1.0, -1.0, 0.543, -1.0, 0.0, 0.0]",3,-2.8,"[0.306, 1.255, -1.02, -1.01, 0.551, -1.02, 0.0, 0.0]",False
"[0.306, 1.254, -1.048, -1.142, 0.533, -1.197, 0.0, 0.0]",2,-2.8,"[0.305, 1.251, -1.036, -1.166, 0.523, -1.237, 0.0, 0.0]",False
"[0.304, 1.248, -1.033, -1.19, 0.519, -1.277, 0.0, 0.0]",0,-2.8,"[0.303, 1.245, -1.024, -1.214, 0.511, -1.317, 0.0, 0.0]",False
"[0.307, 1.257, -1.06, -1.118, 0.543, -1.157, 0.0, 0.0]",3,-2.85,"[0.306, 1.254, -1.058, -1.142, 0.533, -1.197, 0.0, 0.0]",False
"[0.305, 1.253, -1.05, -1.03, 0.56, -1.04, 0.0, 0.0]",3,-2.9,"[0.304, 1.251, -1.04, -1.05, 0.568, -1.06, 0.0, 0.0]",False
"[0.303, 1.245, -1.024, -1.214, 0.511, -1.317, 0.0, 0.0]",3,-2.9,"[0.302, 1.242, -1.015, -1.238, 0.503, -1.357, 0.0, 0.0]",False
"[0.304, 1.248, -1.036, -1.187, 0.513, -1.268, 0.0, 0.0]",0,-3.0,"[0.303, 1.245, -1.028, -1.21, 0.503, -1.305, 0.0, 0.0]",False
"[0.306, 1.254, -1.055, -1.142, 0.533, -1.197, 0.0, 0.0]",2,-3.0,"[0.305, 1.251, -1.05, -1.166, 0.523, -1.237, 0.0, 0.0]",False
"[0.302, 1.242, -1.015, -1.238, 0.503, -1.357, 0.0, 0.0]",2,-3.0,"[0.301, 1.239, -1.006, -1.262, 0.495, -1.397, 0.0, 0.0]",False
"[0.306, 1.255, -1.02, -1.01, 0.551, -1.02, 0.0, 0.0]",2,-3.1,"[0.305, 1.253, -1.05, -1.03, 0.56, -1.04, 0.0, 0.0]",False
"[0.306, 1.254, -1.058, -1.142, 0.533, -1.197, 0.0, 0.0]",2,-3.1,"[0.304, 1.251, -1.054, -1.166, 0.523, -1.237, 0.0, 0.0]",False
"[0.305, 1.251, -1.036, -1.166, 0.523, -1.237, 0.0, 0.0]",0,-3.1,"[0.304, 1.248, -1.024, -1.19, 0.513, -1.277, 0.0, 0.0]",False
"[0.301, 1.239, -1.006, -1.262, 0.495, -1.397, 0.0, 0.0]",1,-3.1,"[0.3, 1.236, -1.0, -1.286, 0.487, -1.437, 0.0, 0.0]",False
"[0.304, 1.251, -1.04, -1.05, 0.568, -1.06, 0.0, 0.0]",0,-3.2,"[0.304, 1.249, -1.06, -1.04, 0.577, -1.05, 0.0, 0.0]",False
"[0.3, 1.236, -1.0, -1.286, 0.487, -1.437, 0.0, 0.0]",0,-3.2,"[0.299, 1.233, -1.0, -1.31, 0.479, -1.477, 0.0, 0.0]",False
"[0.303, 1.245, -1.028, -1.21, 0.503, -1.305, 0.0, 0.0]",3,-3.3,"[0.302, 1.242, -1.02, -1.233, 0.493, -1.342, 0.0, 0.0]",False
"[0.299, 1.233, -1.0, -1.31, 0.479, -1.477, 0.0, 0.0]",3,-3.3,"[0.298, 1.23, -1.0, -1.334, 0.471, -1.517, 0.0, 0.0]",False
"[0.304, 1.251, -1.054, -1.166, 0.523, -1.237, 0.0, 0.0]",0,-3.35,"[0.303, 1.248, -1.052, -1.19, 0.513, -1.277, 0.0, 0.0]",False
"[0.304, 1.248, -1.024, -1.19, 0.513, -1.277, 0.0, 0.0]",1,-3.4,"[0.303, 1.245, -1.012, -1.214, 0.503, -1.317, 0.0, 0.0]",False
"[0.298, 1.23, -1.0, -1.334, 0.471, -1.517, 0.0, 0.0]",2,-3.4,"[0.297, 1.227, -1.0, -1.358, 0.463, -1.557, 0.0, 0.0]",False
"[0.304, 1.249, -1.06, -1.04, 0.577, -1.05, 0.0, 0.0]",3,-3.5,"[0.303, 1.247, -1.08, -1.06, 0.585, -1.07, 0.0, 0.0]",False
"[0.307, 1.257, -2.0, -2.0, 0.543, -1.57, 0.0, 0.0]",3,-3.5,"[0.306, 1.254, -1.98, -2.02, 0.553, -1.6, 0.0, 0.0]",False
"[0.0, -1.5, 0.0, -2.5, 0.0, 0.0, 1.0, 1.0]",2,109.7,"[0.0, -1.6, 0.0, -2.4, 0.0, 0.0, 1.0, 1.0]",False
"[-1.2, 0.3, 0.1, -1.5, -10.0, 0.5, 0.0, 0.0]",2,100.7,"[-1.2, 0.25, 0.1, -1.4, -10.0, 0.5, 0.0, 0.0]",False
"[0.5, -1.0, -1.2, -2.0, 5.0, -1.0, 1.0, 0.0]",2,89.7,"[0.5, -1.1, -1.2, -1.95, 5.0, -1.0, 1.0, 0.0]",False
"[0.3, -1.1, -1.8, 0.02, -1.5, 1.8, 1.0, 0.0]",3,15.0,"[0.29, -1.13, -1.79, 0.021, -1.48, 1.75, 1.0, 0.0]",False
"[0.8, -1.4, -2.5, -1.8, 1.0, 2.0, 0.0, 1.0]",1,8.0,"[0.81, -1.42, -2.49, -1.82, 1.01, 2.03, 0.0, 1.0]",False
"[2.0, -1.2, -1.2, -2.2, -2.0, -1.0, 1.0, 1.0]",2,5.0,"[2.0, -1.24, -1.22, -2.24, -2.0, -1.0, 1.0, 1.0]",False
"[-1.5, 0.1, 0.0, -1.0, 0.1, 0.0, 0.0, 0.0]",1,3.2,"[-1.51, 0.1, -1.0, -1.03, 0.12, -1.0, 0.0, 0.0]",False
"[1.0, 0.2, 0.5, -1.8, 0.2, 0.2, 0.0, 1.0]",0,0.8,"[1.0, 0.2, 0.48, -1.82, 0.2, 0.18, 0.0, 1.0]",False
"[-1.2, 0.3, 0.05, -1.2, 0.01, 0.002, 1.0, 1.0]",1,-1.03,"[-1.2, 0.3, 0.04, -1.25, 0.01, 0.002, 1.0, 1.0]",False
"[-1.2, 0.3, 0.04, -1.25, 0.01, 0.002, 1.0, 1.0]",3,-1.03,"[-1.2, 0.3, 0.05, -1.3, 0.012, 0.002, 1.0, 1.0]",False
"[-1.2, 0.3, 0.05, -1.3, 0.012, 0.002, 1.0, 1.0]",1,-1.03,"[-1.2, 0.3, 0.04, -1.35, 0.012, 0.002, 1.0, 1.0]",False
"[-1.2, 0.3, 0.04, -1.35, 0.012, 0.002, 1.0, 1.0]",1,-1.03,"[-1.2, 0.3, 0.03, -1.4, 0.012, 0.002, 1.0, 1.0]",False
"[-1.2, 0.3, 0.03, -1.4, 0.012, 0.002, 1.0, 1.0]",3,-1.03,"[-1.2, 0.3, 0.04, -1.45, 0.013, 0.002, 1.0, 1.0]",False
"[-1.2, 0.3, 0.04, -1.45, 0.013, 0.002, 1.0, 1.0]",1,-1.03,"[-1.2, 0.3, 0.03, -1.5, 0.013, 0.002, 1.0, 1.0]",False
"[-1.2, 0.3, 0.03, -1.5, 0.013, 0.002, 1.0, 1.0]",1,-1.03,"[-1.2, 0.3, 0.02, -1.55, 0.013, 0.002, 1.0, 1.0]",False
"[-1.2, 0.3, 0.02, -1.55, 0.013, 0.002, 1.0, 1.0]",3,-1.03,"[-1.2, 0.3, 0.03, -1.6, 0.014, 0.002, 1.0, 1.0]",False
"[-1.2, 0.3, 0.03, -1.6, 0.014, 0.002, 1.0, 1.0]",1,-1.03,"[-1.2, 0.3, 0.02, -1.65, 0.014, 0.002, 1.0, 1.0]",False
"[-1.2, 0.3, 0.02, -1.65, 0.014, 0.002, 1.0, 1.0]",1,-1.03,"[-1.2, 0.3, 0.01, -1.7, 0.014, 0.002, 1.0, 1.0]",False
"[-1.2, 0.5, -1.0, -1.2, 0.1, 0.05, 0.0, 1.0]",1,-1.33,"[-1.3, 0.5, -1.1, -1.2, 0.1, 0.04, 0.0, 1.0]",False
"[-1.3, 0.5, -1.1, -1.2, 0.1, 0.04, 0.0, 1.0]",3,-1.33,"[-1.2, 0.5, -1.0, -1.2, 0.1, 0.05, 0.0, 1.0]",False
"[-1.2, 0.5, -1.0, -1.2, 0.1, 0.05, 0.0, 1.0]",1,-1.33,"[-1.4, 0.5, -1.2, -1.2, 0.1, 0.03, 0.0, 1.0]",False
"[-1.4, 0.5, -1.2, -1.2, 0.1, 0.03, 0.0, 1.0]",3,-1.33,"[-1.3, 0.5, -1.1, -1.2, 0.1, 0.04, 0.0, 1.0]",False
"[-1.3, 0.5, -1.1, -1.2, 0.1, 0.04, 0.0, 1.0]",1,-1.33,"[-1.5, 0.5, -1.3, -1.2, 0.1, 0.02, 0.0, 1.0]",False
"[-1.5, 0.5, -1.3, -1.2, 0.1, 0.02, 0.0, 1.0]",3,-1.33,"[-1.4, 0.5, -1.2, -1.2, 0.1, 0.03, 0.0, 1.0]",False
"[-1.4, 0.5, -1.2, -1.2, 0.1, 0.03, 0.0, 1.0]",1,-1.33,"[-1.6, 0.5, -1.4, -1.2, 0.1, 0.01, 0.0, 1.0]",False
"[-1.6, 0.5, -1.4, -1.2, 0.1, 0.01, 0.0, 1.0]",3,-1.33,"[-1.5, 0.5, -1.3, -1.2, 0.1, 0.02, 0.0, 1.0]",False
"[-1.5, 0.5, -1.3, -1.2, 0.1, 0.02, 0.0, 1.0]",1,-1.33,"[-1.7, 0.5, -1.5, -1.2, 0.1, 0.0, 0.0, 1.0]",False
"[-1.7, 0.5, -1.5, -1.2, 0.1, 0.0, 0.0, 1.0]",3,-1.33,"[-1.6, 0.5, -1.4, -1.2, 0.1, 0.01, 0.0, 1.0]",False
"[-1.2, 0.8, 0.5, -1.2, 0.05, 0.3, 1.0, 1.0]",1,-1.8,"[-1.25, 0.75, 0.48, -1.25, 0.04, 0.25, 1.0, 1.0]",False
"[-1.0, 0.5, 0.1, -1.2, 0.05, 0.01, 0.0, 0.0]",1,-2.1,"[-1.01, 0.5, 0.09, -1.25, 0.06, 0.005, 0.0, 0.0]",False
"[0.8, 0.9, -1.1, -1.4, -2.3, -1.8, 0.0, 1.0]",0,-2.9,"[0.82, 0.85, -1.12, -1.45, -2.3, -1.78, 0.0, 1.0]",False
"[-2.0, 1.4, 0.9, -1.6, 1.5, 1.2, 1.0, 1.0]",1,-3.1,"[-2.05, 1.35, 0.87, -1.65, 1.48, 1.1, 1.0, 1.0]",False
"[0.5, 0.4, 1.2, -1.7, 1.8, -1.6, 0.0, 1.0]",0,-3.7,"[0.52, 0.35, 1.22, -1.75, 1.8, -1.58, 0.0, 1.0]",False
"[0.5, 0.4, 2.0, -1.5, 2.5, 0.5, 0.0, 1.0]",3,-3.9,"[0.49, 0.4, 1.98, -1.52, 2.48, 0.48, 0.0, 1.0]",False
"[-2.0, 0.9, 2.5, -1.0, 1.57, 1.0, 1.0, 1.0]",3,-4.1,"[-1.99, 0.9, 2.48, -1.02, 1.56, 0.98, 1.0, 1.0]",False
"[-1.8, 1.0, 2.0, -1.9, -1.0, 1.8, 1.0, 0.0]",2,-4.2,"[-1.8, 0.95, -2.05, -1.95, -1.02, 1.75, 1.0, 0.0]",False
"[1.8, 0.8, -1.1, -2.5, -1.2, 0.3, 1.0, 1.0]",0,-4.8,"[1.8, 0.8, -1.12, -2.55, -1.2, 0.28, 1.0, 1.0]",False
"[-1.3, 1.2, -1.8, -2.1, -1.6, 2.2, 1.0, 1.0]",1,-5.0,"[-1.35, 1.15, -1.82, -2.15, -1.58, 2.15, 1.0, 1.0]",False
"[0.3, 0.6, -2.1, -1.8, -1.2, -1.5, 0.0, 0.0]",2,-5.2,"[0.3, 0.55, -2.15, -1.85, -1.18, -1.45, 0.0, 0.0]",False
"[-1.0, 0.5, 0.1, -1.2, 0.05, 0.01, 1.0, 1.0]",1,-5.3,"[-1.01, 0.499, 0.05, -1.21, 0.04, 0.005, 1.0, 1.0]",False
"[-1.01, 0.499, 0.05, -1.21, 0.04, 0.005, 1.0, 1.0]",3,-5.35,"[-1.02, 0.498, 0.08, -1.22, 0.03, -2.0, 1.0, 1.0]",False
"[0.2, 0.3, -2.0, -1.8, -3.14, 0.2, 1.0, 0.0]",3,-5.5,"[0.19, 0.3, -2.02, -1.85, -3.15, 0.15, 1.0, 0.0]",False
"[1.1, 0.7, -1.5, -2.2, 0.2, -2.4, 0.0, 0.0]",3,-5.8,"[1.15, 0.65, -1.48, -2.25, 0.22, -2.3, 0.0, 0.0]",False
"[0.9, 0.5, 0.6, -2.8, 0.9, 0.8, 0.0, 0.0]",3,-6.1,"[0.95, 0.45, 0.58, -2.85, 0.92, 0.75, 0.0, 0.0]",False
"[0.3, -2.1, 1.1, -3.2, 5.0, 0.9, 1.0, 1.0]",0,-6.5,"[0.3, -2.1, 1.1, -3.2, 5.0, 0.9, 1.0, 1.0]",False
"[-1.02, 0.498, 0.08, -1.22, 0.03, -2.0, 1.0, 1.0]",2,-6.6,"[-1.03, 0.497, 0.0, -1.32, 0.03, -2.0, 1.0, 1.0]",False
"[-3.0, 1.0, 1.0, -2.0, 0.0, 0.0, 1.0, 0.0]",2,-6.7,"[-2.99, 1.0, 0.98, -2.02, -1.0, -1.0, 1.0, 0.0]",False
"[2.0, 0.6, -1.5, -3.5, -2.0, -2.0, 0.0, 0.0]",1,-7.5,"[2.01, 0.6, -1.52, -3.55, -2.01, -1.98, 0.0, 0.0]",False
"[-1.03, 0.497, 0.0, -1.32, 0.03, -2.0, 1.0, 1.0]",0,-7.6,"[-1.04, 0.496, -1.0, -1.33, 0.03, -2.0, 1.0, 1.0]",False
"[-1.05, 0.495, -1.05, -1.34, 0.02, -1.5, 1.0, 1.0]",3,-7.62,"[-1.06, 0.494, -1.02, -1.35, 0.01, -1.0, 1.0, 1.0]",False
"[0.162, 0.82, -0.283, -0.357, 0.385, -0.664, 0.0, 0.0]",2,-1.0,"[0.159, 0.813, -0.335, -0.352, 0.357, -0.668, 0.0, 0.0]",False
"[0.162, 0.822, -0.278, -0.357, 0.385, -0.664, 0.0, 0.0]",2,-1.1,"[0.159, 0.815, -0.325, -0.353, 0.357, -0.662, 0.0, 0.0]",False
"[0.152, 0.796, -0.318, -0.397, 0.299, -0.753, 0.0, 0.0]",2,-1.1,"[0.149, 0.788, -0.37, -0.383, 0.271, -0.784, 0.0, 0.0]",False
"[0.164, 0.822, -0.278, -0.355, 0.38, -0.65, 0.0, 0.0]",2,-1.15,"[0.161, 0.815, -0.32, -0.349, 0.347, -0.646, 0.0, 0.0]",False
"[0.168, 0.842, 0.021, -3.14e-16, 0.524, 0.235, 0.0, 0.0]",2,-1.2,"[0.168, 0.845, 0.014, -3.14e-16, 0.536, 0.186, 0.0, 0.0]",False
"[0.168, 0.845, 0.014, -3.14e-16, 0.536, 0.186, 0.0, 0.0]",3,-1.2,"[0.168, 0.845, 0.021, -3.14e-16, 0.547, 0.137, 0.0, 0.0]",False
"[0.168, 0.845, 0.021, -3.14e-16, 0.547, 0.137, 0.0, 0.0]",3,-1.2,"[0.168, 0.845, 0.028, -3.14e-16, 0.559, 0.088, 0.0, 0.0]",False
"[0.168, 0.836, -0.3, -0.313, 0.443, -0.577, 0.0, 0.0]",3,-1.2,"[0.165, 0.829, -0.289, -0.335, 0.414, -0.621, 0.0, 0.0]",False
"[0.168, 0.836, -0.3, -0.313, 0.443, -0.577, 0.0, 0.0]",3,-1.2,"[0.166, 0.829, -0.289, -0.334, 0.412, -0.614, 0.0, 0.0]",False
"[0.168, 0.836, -0.3, -0.313, 0.443, -0.577, 0.0, 0.0]",3,-1.2,"[0.165, 0.829, -0.289, -0.335, 0.413, -0.62, 0.0, 0.0]",False
"[0.166, 0.829, -0.289, -0.334, 0.412, -0.614, 0.0, 0.0]",3,-1.25,"[0.164, 0.822, -0.278, -0.355, 0.38, -0.65, 0.0, 0.0]",False
"[0.168, 0.839, 0.014, -3.14e-16, 0.49, 0.382, 0.0, 0.0]",2,-1.3,"[0.168, 0.842, 0.007, -3.14e-16, 0.501, 0.333, 0.0, 0.0]",False
"[0.168, 0.842, 0.007, -3.14e-16, 0.501, 0.333, 0.0, 0.0]",3,-1.3,"[0.168, 0.842, 0.014, -3.14e-16, 0.513, 0.284, 0.0, 0.0]",False
"[0.168, 0.842, 0.014, -3.14e-16, 0.513, 0.284, 0.0, 0.0]",3,-1.3,"[0.168, 0.842, 0.021, -3.14e-16, 0.524, 0.235, 0.0, 0.0]",False
"[0.165, 0.829, -0.289, -0.335, 0.414, -0.621, 0.0, 0.0]",3,-1.3,"[0.162, 0.822, -0.278, -0.357, 0.385, -0.664, 0.0, 0.0]",False
"[0.155, 0.808, -0.371, -0.34, 0.329, -0.66, 0.0, 0.0]",3,-1.3,"[0.151, 0.801, -0.36, -0.364, 0.301, -0.703, 0.0, 0.0]",False
"[0.161, 0.815, -0.32, -0.349, 0.347, -0.646, 0.0, 0.0]",2,-1.3,"[0.158, 0.808, -0.362, -0.34, 0.314, -0.639, 0.0, 0.0]",False
"[0.141, 0.77, -0.353, -0.428, 0.213, -0.868, 0.0, 0.0]",2,-1.3,"[0.137, 0.761, -0.405, -0.415, 0.185, -0.899, 0.0, 0.0]",False
"[0.165, 0.829, -0.289, -0.335, 0.413, -0.62, 0.0, 0.0]",3,-1.3,"[0.162, 0.822, -0.278, -0.357, 0.382, -0.661, 0.0, 0.0]",False
"[0.158, 0.808, -0.362, -0.34, 0.314, -0.639, 0.0, 0.0]",3,-1.35,"[0.155, 0.8, -0.351, -0.362, 0.28, -0.674, 0.0, 0.0]",False
"[0.168, 0.836, 0.007, -3.14e-16, 0.455, 0.528, 0.0, 0.0]",2,-1.4,"[0.168, 0.839, -3.14e-16, -3.14e-16, 0.467, 0.48, 0.0, 0.0]",False
"[0.168, 0.839, -3.14e-16, -3.14e-16, 0.467, 0.48, 0.0, 0.0]",3,-1.4,"[0.168, 0.839, 0.007, -3.14e-16, 0.478, 0.431, 0.0, 0.0]",False
"[0.168, 0.839, 0.007, -3.14e-16, 0.478, 0.431, 0.0, 0.0]",3,-1.4,"[0.168, 0.839, 0.014, -3.14e-16, 0.49, 0.382, 0.0, 0.0]",False
"[0.159, 0.815, -0.325, -0.353, 0.357, -0.662, 0.0, 0.0]",2,-1.4,"[0.155, 0.808, -0.371, -0.34, 0.329, -0.66, 0.0, 0.0]",False
"[0.151, 0.801, -0.36, -0.364, 0.301, -0.703, 0.0, 0.0]",3,-1.4,"[0.147, 0.793, -0.349, -0.388, 0.273, -0.745, 0.0, 0.0]",False
"[0.155, 0.8, -0.351, -0.362, 0.28, -0.674, 0.0, 0.0]",3,-1.4,"[0.152, 0.792, -0.34, -0.383, 0.246, -0.709, 0.0, 0.0]",False
"[0.159, 0.814, -0.328, -0.349, 0.352, -0.658, 0.0, 0.0]",3,-1.4,"[0.156, 0.806, -0.317, -0.373, 0.321, -0.701, 0.0, 0.0]",False
"[0.152, 0.792, -0.34, -0.383, 0.246, -0.709, 0.0, 0.0]",1,-1.45,"[0.149, 0.784, -0.374, -0.383, 0.211, -0.702, 0.0, 0.0]",False
"[0.168, 0.836, -3e-16, -3.14e-16, 0.443, 0.577, 0.0, 0.0]",3,-1.5,"[0.168, 0.836, 0.007, -3.14e-16, 0.455, 0.528, 0.0, 0.0]",False
"[0.147, 0.793, -0.349, -0.388, 0.273, -0.745, 0.0, 0.0]",1,-1.5,"[0.143, 0.786, -0.395, -0.384, 0.245, -0.743, 0.0, 0.0]",False
"[0.139, 0.778, -0.441, -0.371, 0.217, -0.741, 0.0, 0.0]",3,-1.5,"[0.134, 0.77, -0.43, -0.395, 0.189, -0.784, 0.0, 0.0]",False
"[0.149, 0.784, -0.374, -0.383, 0.211, -0.702, 0.0, 0.0]",1,-1.5,"[0.146, 0.776, -0.409, -0.381, 0.175, -0.692, 0.0, 0.0]",False
"[0.162, 0.822, -0.278, -0.357, 0.382, -0.661, 0.0, 0.0]",2,-1.5,"[0.159, 0.814, -0.328, -0.349, 0.352, -0.658, 0.0, 0.0]",False
"[0.146, 0.776, -0.409, -0.381, 0.175, -0.692, 0.0, 0.0]",3,-1.55,"[0.143, 0.767, -0.398, -0.403, 0.138, -0.726, 0.0, 0.0]",False
"[0.143, 0.786, -0.395, -0.384, 0.245, -0.743, 0.0, 0.0]",1,-1.6,"[0.139, 0.778, -0.441, -0.371, 0.217, -0.741, 0.0, 0.0]",False
"[0.134, 0.77, -0.43, -0.395, 0.189, -0.784, 0.0, 0.0]",3,-1.6,"[0.129, 0.762, -0.419, -0.419, 0.161, -0.826, 0.0, 0.0]",False
"[0.143, 0.767, -0.398, -0.403, 0.138, -0.726, 0.0, 0.0]",3,-1.6,"[0.14, 0.758, -0.387, -0.425, 0.101, -0.76, 0.0, 0.0]",False
"[0.156, 0.806, -0.317, -0.373, 0.321, -0.701, 0.0, 0.0]",3,-1.6,"[0.152, 0.797, -0.306, -0.395, 0.289, -0.742, 0.0, 0.0]",False
"[0.152, 0.797, -0.306, -0.395, 0.289, -0.742, 0.0, 0.0]",1,-1.7,"[0.149, 0.788, -0.356, -0.384, 0.257, -0.738, 0.0, 0.0]",False
"[0.145, 0.778, -0.406, -0.372, 0.225, -0.732, 0.0, 0.0]",3,-1.9,"[0.141, 0.768, -0.395, -0.396, 0.192, -0.775, 0.0, 0.0]",False
"[0.149, 0.788, -0.356, -0.384, 0.257, -0.738, 0.0, 0.0]",2,-2.0,"[0.145, 0.778, -0.406, -0.372, 0.225, -0.732, 0.0, 0.0]",False
"[0.168, 0.836, -0.3, -0.313, 0.443, -0.577, 0.0, 0.0]",3,-2.1,"[0.166, 0.829, -0.287, -0.335, 0.414, -0.621, 0.0, 0.0]",False
"[0.166, 0.829, -0.287, -0.335, 0.414, -0.621, 0.0, 0.0]",3,-2.1,"[0.164, 0.822, -0.274, -0.358, 0.385, -0.664, 0.0, 0.0]",False
"[0.161, 0.815, -0.327, -0.352, 0.356, -0.659, 0.0, 0.0]",3,-2.1,"[0.159, 0.808, -0.314, -0.375, 0.327, -0.703, 0.0, 0.0]",False
"[0.159, 0.808, -0.314, -0.375, 0.327, -0.703, 0.0, 0.0]",3,-2.1,"[0.157, 0.801, -0.301, -0.398, 0.298, -0.746, 0.0, 0.0]",False
"[0.154, 0.794, -0.354, -0.382, 0.269, -0.741, 0.0, 0.0]",3,-2.1,"[0.152, 0.787, -0.341, -0.405, 0.24, -0.785, 0.0, 0.0]",False
"[0.152, 0.787, -0.341, -0.405, 0.24, -0.785, 0.0, 0.0]",3,-2.1,"[0.15, 0.78, -0.328, -0.428, 0.211, -0.829, 0.0, 0.0]",False
"[0.147, 0.773, -0.381, -0.412, 0.182, -0.824, 0.0, 0.0]",3,-2.1,"[0.145, 0.766, -0.368, -0.435, 0.153, -0.868, 0.0, 0.0]",False
"[0.168, 0.836, -0.3, -0.313, 0.443, -0.577, 0.0, 0.0]",3,-2.1,"[0.165, 0.828, -0.291, -0.335, 0.414, -0.621, 0.0, 0.0]",False
"[0.141, 0.768, -0.395, -0.396, 0.192, -0.775, 0.0, 0.0]",3,-2.1,"[0.137, 0.757, -0.384, -0.418, 0.158, -0.816, 0.0, 0.0]",False
"[0.8, 0.9, 0.0, -1.0, 0.0, 0.0, 0.0, 0.0]",3,0.8,"[0.82, 0.89, 0.02, -1.02, -1.02, 0.02, 0.0, 0.0]",False
"[-1.5, 0.75, 0.2, -1.2, 0.15, 0.5, 0.0, 0.0]",1,-1.2,"[-1.48, 0.74, 0.18, -1.22, 0.17, 0.48, 0.0, 0.0]",False
"[-1.0, 0.8, 1.5, -1.2, 0.2, -1.0, 0.0, 0.0]",3,-2.0,"[-1.02, 0.79, 1.52, -1.22, 0.19, -1.02, 0.0, 0.0]",False
"[-1.002, 0.439, -1.684, -1.238, 0.178, -1.561, 0.0, 0.0]",2,-2.1,"[-1.009, 0.428, -1.729, -1.201, 0.146, -1.552, 0.0, 0.0]",False
"[-1.009, 0.428, -1.729, -1.201, 0.146, -1.552, 0.0, 0.0]",3,-2.1,"[-1.011, 0.417, -1.721, -1.221, 0.117, -1.589, 0.0, 0.0]",False
"[-1.011, 0.417, -1.721, -1.221, 0.117, -1.589, 0.0, 0.0]",2,-2.1,"[-1.018, 0.406, -1.766, -1.184, 0.085, -1.58, 0.0, 0.0]",False
"[-1.018, 0.406, -1.766, -1.184, 0.085, -1.58, 0.0, 0.0]",3,-2.1,"[-1.02, 0.395, -1.758, -1.204, 0.056, -1.617, 0.0, 0.0]",False
"[-1.02, 0.395, -1.758, -1.204, 0.056, -1.617, 0.0, 0.0]",1,-2.1,"[-1.022, 0.384, -1.795, -1.167, 0.092, -1.608, 0.0, 0.0]",False
"[-1.022, 0.384, -1.795, -1.167, 0.092, -1.608, 0.0, 0.0]",2,-2.1,"[-1.029, 0.373, -1.84, -1.13, 0.06, -1.599, 0.0, 0.0]",False
"[-1.029, 0.373, -1.84, -1.13, 0.06, -1.599, 0.0, 0.0]",3,-2.1,"[-1.031, 0.362, -1.832, -1.15, 0.031, -1.636, 0.0, 0.0]",False
"[-1.031, 0.362, -1.832, -1.15, 0.031, -1.636, 0.0, 0.0]",2,-2.1,"[-1.038, 0.351, -1.877, -1.113, 0.0, -1.627, 0.0, 0.0]",False
"[-1.038, 0.351, -1.877, -1.113, 0.0, -1.627, 0.0, 0.0]",3,-2.1,"[-1.04, 0.34, -1.869, -1.133, -1.029, -1.664, 0.0, 0.0]",False
"[-1.04, 0.34, -1.869, -1.133, -1.029, -1.664, 0.0, 0.0]",1,-2.1,"[-1.042, 0.329, -1.906, -1.096, -1.003, -1.655, 0.0, 0.0]",False
"[-1.0, 0.5, 0.1, -1.2, 0.1, 0.05, 0.0, 0.0]",1,-2.31,"[-1.02, 0.49, 0.08, -1.21, 0.12, 0.04, 0.0, 0.0]",False
"[-1.2, 0.7, 0.1, -1.0, 0.1, 0.2, 0.0, 0.0]",1,-2.33,"[-1.21, 0.69, 0.05, -1.02, 0.12, 0.15, 0.0, 0.0]",False
"[-1.02, 0.49, 0.08, -1.21, 0.12, 0.04, 0.0, 0.0]",2,-2.34,"[-1.03, 0.48, 0.05, -1.22, 0.13, 0.03, 0.0, 0.0]",False
"[-1.03, 0.48, 0.05, -1.22, 0.13, 0.03, 0.0, 0.0]",3,-2.37,"[-1.04, 0.47, 0.06, -1.23, 0.11, 0.04, 0.0, 0.0]",False
"[-1.04, 0.47, 0.06, -1.23, 0.11, 0.04, 0.0, 0.0]",0,-2.4,"[-1.05, 0.46, 0.06, -1.24, 0.11, 0.03, 0.0, 0.0]",False
"[-1.07, 0.405, -1.18, -1.25, 0.55, 0.88, 0.0, 0.0]",3,-2.4,"[-1.08, 0.395, -1.16, -1.28, 0.57, 0.91, 0.0, 0.0]",False
"[-1.05, 0.46, 0.06, -1.24, 0.11, 0.03, 0.0, 0.0]",2,-2.43,"[-1.06, 0.45, 0.03, -1.25, 0.12, 0.02, 0.0, 0.0]",False
"[-1.06, 0.45, 0.03, -1.25, 0.12, 0.02, 0.0, 0.0]",1,-2.46,"[-1.07, 0.44, 0.01, -1.26, 0.13, 0.01, 0.0, 0.0]",False
"[-1.07, 0.44, 0.01, -1.26, 0.13, 0.01, 0.0, 0.0]",3,-2.49,"[-1.08, 0.43, 0.02, -1.27, 0.12, 0.02, 0.0, 0.0]",False
"[-1.2, 0.5, 0.1, -1.2, 0.3, 0.1, 0.0, 0.0]",2,-2.5,"[-1.21, 0.48, 0.08, -1.25, 0.31, 0.08, 0.0, 0.0]",False
"[-1.05, 0.42, -1.1, -1.2, 0.6, 0.8, 0.0, 0.0]",1,-2.5,"[-1.06, 0.415, -1.14, -1.22, 0.58, 0.85, 0.0, 0.0]",False
"[-1.1, 0.375, -1.24, -1.33, 0.52, 0.97, 0.0, 0.0]",3,-2.5,"[-1.11, 0.365, -1.22, -1.36, 0.54, 1.0, 0.0, 0.0]",False
"[-1.08, 0.43, 0.02, -1.27, 0.12, 0.02, 0.0, 0.0]",2,-2.52,"[-1.09, 0.42, -1.0, -1.28, 0.13, 0.01, 0.0, 0.0]",False
"[-1.09, 0.42, -1.0, -1.28, 0.13, 0.01, 0.0, 0.0]",0,-2.55,"[-1.1, 0.41, -1.01, -1.29, 0.13, 0.0, 0.0, 0.0]",False
"[-1.1, 0.41, -1.01, -1.29, 0.13, 0.0, 0.0, 0.0]",3,-2.58,"[-1.11, 0.4, -1.02, -1.3, 0.12, 0.01, 0.0, 0.0]",False
"[-1.06, 0.415, -1.14, -1.22, 0.58, 0.85, 0.0, 0.0]",2,-2.6,"[-1.07, 0.405, -1.18, -1.25, 0.55, 0.88, 0.0, 0.0]",False
"[-1.08, 0.395, -1.16, -1.28, 0.57, 0.91, 0.0, 0.0]",2,-2.7,"[-1.09, 0.385, -1.2, -1.31, 0.54, 0.94, 0.0, 0.0]",False
"[-1.0, 0.5, 0.1, -1.2, 0.2, -1.5, 0.0, 0.0]",2,-2.8,"[-1.01, 0.49, 0.05, -1.25, 0.21, -1.4, 0.0, 0.0]",False
"[-1.0, 0.3, 0.9, -1.5, 1.5, 0.8, 0.0, 0.0]",3,-2.8,"[-1.01, 0.28, 0.88, -1.52, 1.48, 0.82, 0.0, 0.0]",False
"[-1.09, 0.385, -1.2, -1.31, 0.54, 0.94, 0.0, 0.0]",1,-2.8,"[-1.1, 0.375, -1.24, -1.33, 0.52, 0.97, 0.0, 0.0]",False
"[-1.3, 0.2, 0.7, -1.9, -1.5, 0.5, 0.0, 0.0]",3,-2.9,"[-1.32, 0.18, 0.71, -1.92, -1.48, 0.52, 0.0, 0.0]",False
"[-1.34, 0.418, -1.712, -1.12, 0.042, -1.534, 0.0, 0.0]",1,-2.95,"[-1.347, 0.408, -1.756, -1.141, 0.071, -1.58, 0.0, 0.0]",False
"[-1.4, 0.348, -2.008, -1.272, 0.257, -1.844, 0.0, 0.0]",0,-2.95,"[-1.409, 0.338, -2.05, -1.294, 0.288, -1.888, 0.0, 0.0]",False
"[-1.347, 0.408, -1.756, -1.141, 0.071, -1.58, 0.0, 0.0]",3,-3.0,"[-1.355, 0.398, -1.798, -1.162, 0.102, -1.624, 0.0, 0.0]",False
"[0.9, 0.8, -1.5, -1.1, 1.2, 1.3, 0.0, 0.0]",1,-3.0,"[0.91, 0.78, -1.51, -1.12, 1.18, 1.32, 0.0, 0.0]",False
"[-2.0, 1.0, 1.0, -1.5, -1.5, -1.0, 0.0, 0.0]",3,-3.0,"[-1.98, 0.99, 1.02, -1.52, -1.48, -1.02, 0.0, 0.0]",False
"[-1.11, 0.365, -1.22, -1.36, 0.54, 1.0, 0.0, 0.0]",2,-3.0,"[-1.12, 0.355, -1.26, -1.39, 0.51, 1.03, 0.0, 0.0]",False
"[-1.21, 0.69, 0.05, -1.02, 0.12, 0.15, 0.0, 0.0]",3,-3.03,"[-1.22, 0.68, -1.0, -1.04, 0.13, 0.18, 0.0, 0.0]",False
"[-1.355, 0.398, -1.798, -1.162, 0.102, -1.624, 0.0, 0.0]",2,-3.05,"[-1.364, 0.388, -1.84, -1.184, 0.133, -1.668, 0.0, 0.0]",False
"[-1.364, 0.388, -1.84, -1.184, 0.133, -1.668, 0.0, 0.0]",2,-3.1,"[-1.373, 0.378, -1.882, -1.206, 0.164, -1.712, 0.0, 0.0]",False
"[-1.01, 0.49, 0.05, -1.25, 0.21, -1.4, 0.0, 0.0]",1,-3.1,"[-1.02, 0.48, -1.02, -1.28, 0.19, -1.35, 0.0, 0.0]",False
"[1.1, 0.6, -1.3, -1.4, 0.8, 1.0, 0.0, 0.0]",3,-3.1,"[1.09, 0.58, -1.32, -1.42, 0.81, 0.98, 0.0, 0.0]",False
"[-1.12, 0.355, -1.26, -1.39, 0.51, 1.03, 0.0, 0.0]",0,-3.1,"[-1.13, 0.345, -1.3, -1.42, 0.51, 1.06, 0.0, 0.0]",False
"[-1.14, 0.335, -1.34, -1.45, 0.48, 1.09, 0.0, 0.0]",3,-3.1,"[-1.15, 0.325, -1.32, -1.48, 0.5, 1.12, 0.0, 0.0]",False
"[-1.373, 0.378, -1.882, -1.206, 0.164, -1.712, 0.0, 0.0]",1,-3.15,"[-1.382, 0.368, -1.924, -1.228, 0.195, -1.756, 0.0, 0.0]",False
"[-1.382, 0.368, -1.924, -1.228, 0.195, -1.756, 0.0, 0.0]",3,-3.2,"[-1.391, 0.358, -1.966, -1.25, 0.226, -1.8, 0.0, 0.0]",False
"[-1.02, 0.48, -1.02, -1.28, 0.19, -1.35, 0.0, 0.0]",3,-3.2,"[-1.03, 0.47, -1.03, -1.31, 0.22, -1.3, 0.0, 0.0]",False
"[0.8, -1.0, 0.3, -2.0, -1.2, -3.0, 0.0, 1.0]",2,8.7,"[0.82, -1.02, 0.28, -1.95, -1.25, -2.9, 0.0, 1.0]",False
"[0.0, -1.2, 1.2, -1.0, 0.5, 1.0, 0.0, 0.0]",3,2.1,"[0.05, -1.22, 1.15, -1.01, 0.45, 0.95, 0.0, 0.0]",False
"[0.5, 0.1, 0.5, -1.9, -1.0, 0.3, 0.0, 1.0]",2,0.2,"[0.52, 0.09, 0.48, -1.92, -1.02, 0.28, 0.0, 1.0]",False
"[-1.29, 0.31, -1.75, 1.45, 0.05, 0.08, 0.0, 0.0]",1,-1.0,"[-1.31, 0.29, -1.7, 1.4, 0.04, 0.06, 0.0, 0.0]",False
"[-1.2, 0.5, -1.1, 0.3, 0.1, 0.05, 0.0, 0.0]",1,-1.03,"[-1.3, 0.48, -1.0, 0.28, 0.08, 0.04, 0.0, 0.0]",False
"[-1.26, 0.33, -1.8, 1.5, 0.06, 0.1, 0.0, 0.0]",2,-1.3,"[-1.29, 0.31, -1.75, 1.45, 0.05, 0.08, 0.0, 0.0]",False
"[-1.28, 0.35, -1.85, 1.55, 0.07, 0.12, 0.0, 0.0]",3,-1.6,"[-1.26, 0.33, -1.8, 1.5, 0.06, 0.1, 0.0, 0.0]",False
"[0.1, 0.4, 1.2, -1.0, 0.8, 0.5, 0.0, 0.0]",2,-1.8,"[0.11, 0.39, 1.19, -1.02, 0.82, 0.48, 0.0, 0.0]",False
"[-1.28, 0.37, -1.9, 1.6, 0.08, 0.15, 0.0, 0.0]",0,-1.9,"[-1.28, 0.35, -1.85, 1.55, 0.07, 0.12, 0.0, 0.0]",False
"[-1.2, 0.5, 0.1, -1.5, 0.05, 0.2, 0.0, 0.0]",1,-2.1,"[-1.21, 0.48, 0.08, -1.48, 0.04, 0.18, 0.0, 0.0]",False
"[-1.26, 0.39, -1.95, 1.65, 0.09, 0.18, 0.0, 0.0]",1,-2.2,"[-1.28, 0.37, -1.9, 1.6, 0.08, 0.15, 0.0, 0.0]",False
"[-1.29, 0.27, -1.65, 1.35, 0.03, 0.04, 0.0, 0.0]",0,-2.4,"[-1.29, 0.25, -1.6, 1.3, 0.02, 0.02, 0.0, 0.0]",False
"[-1.28, 0.41, -2.0, 1.7, 0.1, 0.2, 0.0, 0.0]",3,-2.5,"[-1.26, 0.39, -1.95, 1.65, 0.09, 0.18, 0.0, 0.0]",False
"[-1.2, 0.5, 0.1, -1.0, 0.05, 0.2, 0.0, 0.0]",1,-2.5,"[-1.201, 0.498, 0.098, -1.002, 0.048, 0.195, 0.0, 0.0]",False
"[-1.31, 0.29, -1.7, 1.4, 0.04, 0.06, 0.0, 0.0]",3,-2.7,"[-1.29, 0.27, -1.65, 1.35, 0.03, 0.04, 0.0, 0.0]",False
"[-1.25, 0.43, -2.05, 1.75, 0.11, 0.22, 0.0, 0.0]",2,-2.8,"[-1.28, 0.41, -2.0, 1.7, 0.1, 0.2, 0.0, 0.0]",False
"[-1.2, 0.4, 0.05, -1.2, 0.05, 0.1, 0.0, 0.0]",1,-2.8,"[-1.21, 0.39, 0.03, -1.21, 0.04, 0.08, 0.0, 0.0]",False
"[-1.17, 0.14, 0.02, -1.06, 0.02, 0.02, 0.0, 0.0]",2,-3.0,"[-1.15, 0.12, 0.01, -1.0, 0.01, 0.0, 0.0, 0.0]",False
"[-1.15, 0.12, 0.01, -1.0, 0.01, 0.0, 0.0, 0.0]",3,-3.0,"[-1.14, 0.1, 0.0, -1.0, 0.0, -1.0, 0.0, 1.0]",False
"[-1.4, 0.39, -1.2, 0.19, 0.06, 0.01, 0.0, 0.0]",0,-3.0,"[-1.4, 0.36, -1.2, 0.16, 0.06, 0.0, 0.0, 0.0]",False
"[-1.2, 0.3, 0.1, -1.5, 0.05, 0.2, 0.0, 0.0]",1,-3.03,"[-1.21, 0.28, 0.09, -1.48, 0.04, 0.18, 0.0, 0.0]",False
"[-1.35, 0.45, -1.15, 0.25, 0.09, 0.03, 0.0, 0.0]",3,-3.03,"[-1.3, 0.42, -1.05, 0.22, 0.07, 0.02, 0.0, 0.0]",False
"[-1.3, 0.42, -1.05, 0.22, 0.07, 0.02, 0.0, 0.0]",1,-3.03,"[-1.4, 0.39, -1.2, 0.19, 0.06, 0.01, 0.0, 0.0]",False
"[-1.4, 0.36, -1.2, 0.16, 0.06, 0.0, 0.0, 0.0]",3,-3.03,"[-1.35, 0.33, -1.1, 0.13, 0.05, -10.0, 0.0, 0.0]",False
"[-1.45, 0.24, -1.3, 0.04, 0.03, -8.0, 1.0, 1.0]",3,-3.04,"[-1.4, 0.21, -1.2, 0.01, 0.02, -5.0, 1.0, 1.0]",False
"[-1.16, 0.16, 0.03, -1.12, 0.03, 0.04, 0.0, 0.0]",1,-3.06,"[-1.17, 0.14, 0.02, -1.06, 0.02, 0.02, 0.0, 0.0]",False
"[-1.4, 0.3, -1.25, 0.1, 0.06, -15.0, 0.0, 1.0]",3,-3.07,"[-1.35, 0.27, -1.15, 0.07, 0.04, -12.0, 1.0, 1.0]",False
"[-1.35, 0.27, -1.15, 0.07, 0.04, -12.0, 1.0, 1.0]",1,-3.07,"[-1.45, 0.24, -1.3, 0.04, 0.03, -8.0, 1.0, 1.0]",False
"[-1.3, 0.48, -1.0, 0.28, 0.08, 0.04, 0.0, 0.0]",2,-3.08,"[-1.35, 0.45, -1.15, 0.25, 0.09, 0.03, 0.0, 0.0]",False
"[-1.23, 0.45, -2.1, 1.8, 0.12, 0.25, 0.0, 0.0]",1,-3.1,"[-1.25, 0.43, -2.05, 1.75, 0.11, 0.22, 0.0, 0.0]",False
"[-1.5, 0.2, 0.02, -1.3, -1.1, 0.05, 0.0, 0.0]",3,-3.1,"[-1.49, 0.19, 0.03, -1.31, -1.12, 0.04, 0.0, 0.0]",False
"[-1.201, 0.498, 0.098, -1.002, 0.048, 0.195, 0.0, 0.0]",2,-3.1,"[-1.203, 0.496, 0.095, -1.005, 0.05, 0.21, 0.0, 0.0]",False
"[-1.35, 0.33, -1.1, 0.13, 0.05, -10.0, 0.0, 0.0]",2,-3.1,"[-1.4, 0.3, -1.25, 0.1, 0.06, -15.0, 0.0, 1.0]",False
"[-1.17, 0.18, 0.04, -1.18, 0.02, 0.06, 0.0, 0.0]",3,-3.12,"[-1.16, 0.16, 0.03, -1.12, 0.03, 0.04, 0.0, 0.0]",False
"[-1.19, 0.2, 0.05, -1.24, 0.03, 0.08, 0.0, 0.0]",2,-3.18,"[-1.17, 0.18, 0.04, -1.18, 0.02, 0.06, 0.0, 0.0]",False
"[-1.203, 0.496, 0.095, -1.005, 0.05, 0.21, 0.0, 0.0]",3,-3.2,"[-1.202, 0.494, 0.092, -1.007, 0.052, 0.205, 0.0, 0.0]",False
"[-1.19, 0.22, 0.06, -1.3, 0.03, 0.1, 0.0, 0.0]",0,-3.24,"[-1.19, 0.2, 0.05, -1.24, 0.03, 0.08, 0.0, 0.0]",False
"[-1.18, 0.24, 0.07, -1.36, 0.04, 0.12, 0.0, 0.0]",1,-3.3,"[-1.19, 0.22, 0.06, -1.3, 0.03, 0.1, 0.0, 0.0]",False
"[-1.202, 0.494, 0.092, -1.007, 0.052, 0.205, 0.0, 0.0]",0,-3.3,"[-1.202, 0.492, 0.09, -1.009, 0.051, 0.2, 0.0, 0.0]",False
"[-1.21, 0.28, 0.09, -1.48, 0.04, 0.18, 0.0, 0.0]",2,-3.36,"[-1.19, 0.26, 0.08, -1.42, 0.03, 0.15, 0.0, 0.0]",False
"[-1.19, 0.26, 0.08, -1.42, 0.03, 0.15, 0.0, 0.0]",3,-3.39,"[-1.18, 0.24, 0.07, -1.36, 0.04, 0.12, 0.0, 0.0]",False
"[-1.202, 0.492, 0.09, -1.009, 0.051, 0.2, 0.0, 0.0]",1,-3.4,"[-1.203, 0.49, 0.088, -1.011, 0.049, 0.195, 0.0, 0.0]",False
"[0.9, 0.3, 0.08, -1.6, 1.2, -1.5, 0.0, 0.0]",3,-3.5,"[0.91, 0.29, 0.09, -1.61, 1.21, -1.51, 0.0, 0.0]",False
"[-1.8, 0.6, -1.0, -1.1, 0.2, -1.2, 0.0, 0.0]",2,-3.9,"[-1.81, 0.59, -1.02, -1.12, 0.19, -1.21, 0.0, 0.0]",False
"[0.5, 0.1, -1.6, -1.0, -1.8, 0.2, 0.0, 0.0]",2,-4.2,"[0.51, 0.09, -1.62, -1.01, -1.81, 0.18, 0.0, 0.0]",False
"[-1.2, 0.5, -1.5, 0.1, 0.05, 0.2, 0.0, 0.0]",1,-5.0,"[-1.25, 0.48, -1.45, 0.09, 0.04, 0.18, 0.0, 0.0]",False
"[0.8, -1.5, -1.1, -1.0, -1.2, -1.0, 0.0, 0.0]",2,-5.2,"[0.81, -1.51, -1.12, -1.01, -1.21, -1.02, 0.0, 0.0]",False
"[-1.8, 0.9, -1.1, -1.3, 2.5, 2.0, 0.0, 0.0]",0,-5.6,"[-1.8, 0.88, -1.1, -1.28, 2.5, 2.0, 0.0, 0.0]",False
"[-1.4, -1.6, -1.5, -1.3, 0.1, 1.0, 0.0, 0.0]",0,-5.9,"[-1.4, -1.61, -1.5, -1.31, 0.1, 1.0, 0.0, 0.0]",False
"[-1.1, -1.9, 0.1, -1.4, 1.0, -1.8, 0.0, 0.0]",3,-6.4,"[-1.09, -1.91, 0.12, -1.41, 1.01, -1.79, 0.0, 0.0]",False
"[1.1, 0.2, -1.5, -2.8, -1.0, -1.2, 1.0, 1.0]",1,2.7,"[1.08, 0.19, -1.48, -2.82, -1.02, -1.2, 1.0, 1.0]",False
"[-1.2, 0.5, 0.8, -1.2, 0.1, 0.2, 0.0, 0.0]",1,-1.2,"[-1.25, 0.48, 0.75, -1.18, 0.12, 0.18, 0.0, 0.0]",False
"[-1.0, 0.8, -1.2, -1.1, 0.5, 0.7, 0.0, 0.0]",2,-1.5,"[-1.02, 0.78, -1.25, -1.12, 0.52, 0.68, 0.0, 0.0]",False
"[-1.2, 0.5, 0.1, -1.2, 0.05, 0.2, 0.0, 0.0]",1,-1.5,"[-1.18, 0.49, 0.08, -1.18, 0.04, 0.18, 0.0, 0.0]",False
"[0.9, 0.2, -1.4, -1.7, 0.3, 0.4, 0.0, 0.0]",3,-1.7,"[0.95, 0.18, -1.45, -1.72, 0.32, 0.38, 0.0, 0.0]",False
"[-1.2, 0.8, 0.1, -1.2, 0.02, 0.1, 0.0, 0.0]",1,-1.73,"[-1.18, 0.79, 0.08, -1.22, 0.03, 0.09, 0.0, 0.0]",False
"[0.2, 0.3, 1.5, -1.8, -1.0, -1.2, 0.0, 0.0]",0,-1.8,"[0.25, 0.28, 1.48, -1.82, -1.02, -1.22, 0.0, 0.0]",False
"[0.5, 0.6, 0.9, -1.4, 1.2, 1.5, 0.0, 0.0]",3,-1.9,"[0.55, 0.58, 0.85, -1.42, 1.25, 1.48, 0.0, 0.0]",False
"[-2.0, 1.2, 1.2, -1.0, -1.5, 0.5, 1.0, 1.0]",1,-2.0,"[-1.98, 1.19, 1.18, -1.02, -1.51, 0.52, 1.0, 1.0]",False
"[-1.2, 0.8, 0.15, -1.1, 0.05, 0.2, 0.0, 0.0]",1,-2.1,"[-1.18, 0.78, 0.13, -1.12, 0.08, 0.18, 0.0, 0.0]",False
"[0.3, 0.7, -1.1, -1.0, -1.5, -2.0, 0.0, 0.0]",3,-2.1,"[0.35, 0.68, -1.15, -1.02, -1.48, -2.05, 0.0, 0.0]",False
"[-1.2, 0.8, 0.15, -1.2, -10.5, 2.1, 0.0, 0.0]",1,-2.1,"[-1.18, 0.79, 0.12, -1.18, -10.2, 2.0, 0.0, 0.0]",False
"[-1.2, 0.45, 0.15, -1.2, 0.02, 0.1, 0.0, 0.0]",1,-2.1,"[-1.18, 0.44, 0.12, -1.22, 0.015, 0.09, 0.0, 0.0]",False
"[-1.5, 0.4, 1.0, -1.6, -1.8, -2.2, 0.0, 0.0]",1,-2.3,"[-1.55, 0.38, 0.95, -1.58, -1.75, -2.18, 0.0, 0.0]",False
"[-1.3, 0.95, 1.2, -1.0, -2.5, 0.8, 0.0, 0.0]",1,-2.3,"[-1.28, 0.94, 1.22, -1.02, -2.2, 0.7, 0.0, 0.0]",False
"[-1.8, 0.9, 0.4, -1.5, 0.8, 1.0, 0.0, 0.0]",0,-2.5,"[-1.85, 0.88, 0.38, -1.52, 0.82, 1.02, 0.0, 0.0]",False
"[-1.2, 0.5, 0.1, -1.2, 0.05, 0.2, 0.0, 0.0]",1,-2.5,"[-1.18, 0.49, 0.08, -1.25, 0.07, 0.18, 0.0, 0.0]",False
"[0.8, 1.1, -1.8, -1.3, -1.2, -1.5, 0.0, 0.0]",2,-2.8,"[0.82, 1.08, -1.75, -1.32, -1.22, -1.52, 0.0, 0.0]",False
"[-1.8, 0.8, 0.2, -1.6, 0.1, 0.3, 0.0, 0.0]",2,-2.8,"[-1.82, 0.79, 0.19, -1.58, 0.09, 0.28, 0.0, 0.0]",False
"[-1.2, 0.5, 0.1, -2.0, 0.05, 0.2, 0.0, 0.0]",1,-2.8,"[-1.25, 0.48, 0.05, -2.1, 0.03, 0.15, 0.0, 0.0]",False
"[0.8, 0.95, 0.6, -2.9, 0.1, -1.3, 0.0, 0.0]",2,-2.8,"[0.82, 0.94, 0.65, -2.95, 0.08, -1.32, 0.0, 0.0]",False
"[0.2, 0.5, 0.9, -1.0, -1.2, -1.8, 0.0, 0.0]",3,-2.8,"[0.18, 0.49, 0.88, -1.02, -1.18, -1.75, 0.0, 0.0]",False
"[1.2, 0.3, -1.8, -2.2, 2.0, 1.8, 1.0, 1.0]",0,-2.88,"[1.2, 0.29, -1.8, -2.22, 2.0, 1.78, 1.0, 1.0]",False
"[-1.0, 0.55, 0.5, -1.3, 0.5, 0.8, 0.0, 0.0]",3,-2.9,"[-1.02, 0.54, 0.48, -1.32, 0.52, 0.78, 0.0, 0.0]",False
"[-1.7, 1.0, 0.6, -1.2, 1.6, 1.8, 0.0, 0.0]",1,-3.0,"[-1.75, 0.98, 0.58, -1.22, 1.62, 1.78, 0.0, 0.0]",False
"[0.3, 0.85, -1.2, -1.3, 3.5, 1.2, 0.0, 0.0]",3,-3.0,"[0.32, 0.84, -1.18, -1.28, 3.8, 1.1, 0.0, 0.0]",False
"[1.8, 0.75, -1.0, -1.4, 0.0, 0.0, 0.0, 0.0]",1,-3.0,"[1.78, 0.74, -1.02, -1.42, -1.02, -1.02, 0.0, 0.0]",False
"[0.8, 1.0, -1.0, -1.0, 0.0, 0.0, 0.0, 0.0]",1,-3.03,"[0.78, 0.99, -1.02, -1.02, 0.01, -1.01, 0.0, 0.0]",False
"[-1.0, 0.75, -1.05, -3.0, -1.1, 1.0, 0.0, 0.0]",2,-3.2,"[-1.05, 0.73, -1.08, -3.05, -1.08, 1.02, 0.0, 0.0]",False
"[-1.8, 0.92, 1.8, -1.1, 12.0, 3.2, 0.0, 0.0]",0,-3.2,"[-1.82, 0.91, 1.82, -1.12, 12.1, 3.3, 0.0, 0.0]",False
"[0.5, 0.4, 1.2, -1.1, 1.2, 1.8, 0.0, 0.0]",1,-3.2,"[0.48, 0.39, 1.18, -1.12, 1.18, 1.75, 0.0, 0.0]",False
"[0.9, 0.8, 0.7, -3.2, 0.2, -1.4, 0.0, 0.0]",1,-3.4,"[0.92, 0.78, 0.72, -3.25, 0.19, -1.41, 0.0, 0.0]",False
"[0.5, 0.1, -2.0, -1.0, 5.0, 2.0, 0.0, 0.0]",2,-3.5,"[0.45, 0.08, -2.05, -1.05, 5.2, 2.2, 0.0, 0.0]",False
"[0.8, 0.6, -1.1, -1.0, -1.5, -2.0, 0.0, 0.0]",3,-3.5,"[0.82, 0.59, -1.13, -1.02, -1.52, -2.1, 0.0, 0.0]",False
"[1.1, 0.85, 0.9, -3.5, 0.4, -1.0, 0.0, 0.0]",3,-3.7,"[1.12, 0.83, 0.95, -3.52, 0.42, -1.03, 0.0, 0.0]",False
"[0.6, 0.82, -1.8, -1.4, 6.0, -1.5, 0.0, 0.0]",3,-3.7,"[0.62, 0.81, -1.76, -1.38, 6.3, -1.4, 0.0, 0.0]",False
"[-1.5, 0.9, 1.8, -1.5, 0.8, 0.9, 1.0, 0.0]",0,-3.8,"[-1.5, 0.89, 1.82, -1.48, 0.81, 0.91, 1.0, 0.0]",False
"[-1.8, 0.3, 0.8, -1.4, 0.8, 1.2, 0.0, 0.0]",0,-3.8,"[-1.82, 0.29, 0.79, -1.42, 0.78, 1.18, 0.0, 0.0]",False
"[1.1, 0.4, 0.5, -2.2, 0.3, -1.8, 0.0, 1.0]",2,-3.9,"[1.14, 0.39, 0.48, -2.18, 0.32, -1.82, 0.0, 1.0]",False
"[-1.5, 0.8, 0.5, -1.8, -8.0, 4.0, 0.0, 0.0]",0,-3.9,"[-1.48, 0.78, 0.45, -1.85, -8.1, 3.9, 0.0, 0.0]",False
"[-1.2, 0.9, -1.1, -3.2, -1.2, 0.8, 0.0, 0.0]",1,-3.9,"[-1.25, 0.88, -1.15, -3.25, -1.18, 0.75, 0.0, 0.0]",False
"[0.9, 0.75, -1.5, -1.8, -5.5, -2.5, 0.0, 0.0]",2,-4.0,"[0.88, 0.74, -1.48, -1.76, -5.8, -2.4, 0.0, 0.0]",False
"[-1.5, 0.35, 1.0, -1.6, 1.0, 1.5, 0.0, 0.0]",2,-4.0,"[-1.52, 0.34, 0.98, -1.62, 1.02, 1.48, 0.0, 0.0]",False
"[0.3, 0.6, -1.4, -1.8, -2.0, 1.1, 0.0, 0.0]",2,-4.1,"[0.28, 0.59, -1.41, -1.76, -2.01, 1.12, 0.0, 0.0]",False
"[-1.3, 0.65, -1.2, -3.6, -1.3, 1.1, 0.0, 0.0]",3,-4.1,"[-1.32, 0.63, -1.22, -3.62, -1.31, 1.13, 0.0, 0.0]",False
"[-1.0, 1.1, 1.5, -2.0, 2.1, -1.2, 0.0, 1.0]",2,-4.2,"[-1.04, 1.09, 1.48, -1.98, 2.11, -1.22, 0.0, 1.0]",False
"[0.5, 0.7, 0.2, -4.1, 0.3, -1.1, 0.0, 0.0]",3,-4.2,"[0.52, 0.68, 0.25, -4.15, 0.32, -1.14, 0.0, 0.0]",False
"[1.5, 0.7, -1.5, -1.5, -1.0, -1.5, 0.0, 0.0]",2,-4.2,"[1.48, 0.69, -1.48, -1.52, -1.02, -1.48, 0.0, 0.0]",False
"[1.5, 0.2, -2.5, -1.4, -1.0, 1.6, 1.0, 0.0]",0,-4.5,"[1.5, 0.19, -2.52, -1.42, -1.01, 1.62, 1.0, 0.0]",False
"[-1.5, 0.6, -1.4, -3.8, -1.5, 1.2, 0.0, 0.0]",0,-4.5,"[-1.52, 0.58, -1.38, -3.82, -1.52, 1.22, 0.0, 0.0]",False
"[0.319, 0.929, 0.34, 0.073, 0.24, 0.51, 0.0, 0.0]",3,-1.0,"[0.322, 0.929, 0.329, 0.094, 0.264, 0.503, 0.0, 0.0]",False
"[0.322, 0.929, 0.329, 0.094, 0.264, 0.503, 0.0, 0.0]",2,-1.0,"[0.326, 0.93, 0.335, 0.116, 0.289, 0.497, 0.0, 0.0]",False
"[0.341, 0.935, 0.341, 0.204, 0.389, 0.471, 0.0, 0.0]",3,-1.0,"[0.345, 0.936, 0.33, 0.226, 0.414, 0.464, 0.0, 0.0]",False
"[0.345, 0.936, 0.33, 0.226, 0.414, 0.464, 0.0, 0.0]",2,-1.0,"[0.349, 0.938, 0.336, 0.248, 0.439, 0.458, 0.0, 0.0]",False
"[0.317, 0.929, 0.341, 0.066, 0.237, 0.568, 0.0, 0.0]",3,-1.0,"[0.319, 0.931, 0.355, 0.082, 0.21, 0.519, 0.0, 0.0]",False
"[0.319, 0.931, 0.355, 0.082, 0.21, 0.519, 0.0, 0.0]",2,-1.0,"[0.323, 0.932, 0.361, 0.098, 0.236, 0.524, 0.0, 0.0]",False
"[0.33, 0.935, 0.368, 0.13, 0.264, 0.529, 0.0, 0.0]",1,-1.0,"[0.332, 0.936, 0.358, 0.146, 0.286, 0.58, 0.0, 0.0]",False
"[0.332, 0.936, 0.358, 0.146, 0.286, 0.58, 0.0, 0.0]",2,-1.0,"[0.336, 0.938, 0.364, 0.162, 0.312, 0.585, 0.0, 0.0]",False
"[0.336, 0.938, 0.364, 0.162, 0.312, 0.585, 0.0, 0.0]",3,-1.0,"[0.339, 0.94, 0.378, 0.178, 0.285, 0.536, 0.0, 0.0]",False
"[0.339, 0.94, 0.378, 0.178, 0.285, 0.536, 0.0, 0.0]",2,-1.0,"[0.343, 0.942, 0.384, 0.194, 0.311, 0.541, 0.0, 0.0]",False
"[0.333, 0.937, 0.337, 0.179, 0.34, 0.481, 0.0, 0.0]",3,-1.0,"[0.337, 0.939, 0.343, 0.203, 0.364, 0.474, 0.0, 0.0]",False
"[0.337, 0.939, 0.343, 0.203, 0.364, 0.474, 0.0, 0.0]",2,-1.0,"[0.341, 0.941, 0.339, 0.226, 0.388, 0.467, 0.0, 0.0]",False
"[0.341, 0.941, 0.339, 0.226, 0.388, 0.467, 0.0, 0.0]",1,-1.0,"[0.344, 0.943, 0.334, 0.249, 0.412, 0.46, 0.0, 0.0]",False
"[0.344, 0.943, 0.334, 0.249, 0.412, 0.46, 0.0, 0.0]",2,-1.0,"[0.348, 0.945, 0.34, 0.272, 0.435, 0.453, 0.0, 0.0]",False
"[0.319, 0.93, 0.342, 0.068, 0.238, 0.518, 0.0, 0.0]",2,-1.0,"[0.323, 0.931, 0.349, 0.085, 0.264, 0.525, 0.0, 0.0]",False
"[0.323, 0.931, 0.349, 0.085, 0.264, 0.525, 0.0, 0.0]",3,-1.0,"[0.327, 0.932, 0.36, 0.102, 0.289, 0.534, 0.0, 0.0]",False
"[0.327, 0.932, 0.36, 0.102, 0.289, 0.534, 0.0, 0.0]",2,-1.0,"[0.331, 0.934, 0.368, 0.12, 0.314, 0.542, 0.0, 0.0]",False
"[0.335, 0.935, 0.37, 0.137, 0.339, 0.541, 0.0, 0.0]",2,-1.0,"[0.339, 0.937, 0.378, 0.154, 0.364, 0.549, 0.0, 0.0]",False
"[0.343, 0.939, 0.369, 0.171, 0.389, 0.538, 0.0, 0.0]",2,-1.0,"[0.347, 0.941, 0.376, 0.188, 0.414, 0.546, 0.0, 0.0]",False
"[0.347, 0.941, 0.376, 0.188, 0.414, 0.546, 0.0, 0.0]",3,-1.0,"[0.351, 0.943, 0.385, 0.205, 0.439, 0.555, 0.0, 0.0]",False
"[0.316, 0.928, 0.352, 0.051, 0.215, 0.517, 0.0, 0.0]",1,-1.1,"[0.319, 0.929, 0.34, 0.073, 0.24, 0.51, 0.0, 0.0]",False
"[0.326, 0.93, 0.335, 0.116, 0.289, 0.497, 0.0, 0.0]",0,-1.1,"[0.33, 0.931, 0.341, 0.138, 0.314, 0.49, 0.0, 0.0]",False
"[0.33, 0.931, 0.341, 0.138, 0.314, 0.49, 0.0, 0.0]",2,-1.1,"[0.334, 0.932, 0.347, 0.16, 0.339, 0.484, 0.0, 0.0]",False
"[0.337, 0.933, 0.335, 0.182, 0.364, 0.477, 0.0, 0.0]",2,-1.1,"[0.341, 0.935, 0.341, 0.204, 0.389, 0.471, 0.0, 0.0]",False
"[0.316, 0.929, 0.352, 0.05, 0.215, 0.517, 0.0, 0.0]",1,-1.1,"[0.317, 0.929, 0.341, 0.066, 0.237, 0.568, 0.0, 0.0]",False
"[0.323, 0.932, 0.361, 0.098, 0.236, 0.524, 0.0, 0.0]",0,-1.1,"[0.326, 0.933, 0.362, 0.114, 0.238, 0.524, 0.0, 0.0]",False
"[0.326, 0.933, 0.362, 0.114, 0.238, 0.524, 0.0, 0.0]",2,-1.1,"[0.33, 0.935, 0.368, 0.13, 0.264, 0.529, 0.0, 0.0]",False
"[0.329, 0.935, 0.331, 0.155, 0.316, 0.488, 0.0, 0.0]",2,-1.1,"[0.333, 0.937, 0.337, 0.179, 0.34, 0.481, 0.0, 0.0]",False
"[0.316, 0.929, 0.352, 0.051, 0.215, 0.529, 0.0, 0.0]",1,-1.1,"[0.319, 0.93, 0.342, 0.068, 0.238, 0.518, 0.0, 0.0]",False
"[0.331, 0.934, 0.368, 0.12, 0.314, 0.542, 0.0, 0.0]",0,-1.1,"[0.335, 0.935, 0.37, 0.137, 0.339, 0.541, 0.0, 0.0]",False
"[0.339, 0.937, 0.378, 0.154, 0.364, 0.549, 0.0, 0.0]",1,-1.1,"[0.343, 0.939, 0.369, 0.171, 0.389, 0.538, 0.0, 0.0]",False
"[0.312, 0.928, 0.346, 0.034, 0.189, 0.523, 0.0, 0.0]",2,-1.2,"[0.316, 0.928, 0.352, 0.051, 0.215, 0.517, 0.0, 0.0]",False
"[0.334, 0.932, 0.347, 0.16, 0.339, 0.484, 0.0, 0.0]",1,-1.2,"[0.337, 0.933, 0.335, 0.182, 0.364, 0.477, 0.0, 0.0]",False
"[0.347, 0.935, 0.37, 0.169, 0.335, 0.476, 0.0, 0.0]",2,-1.2,"[0.351, 0.936, 0.376, 0.183, 0.359, 0.471, 0.0, 0.0]",False
"[0.312, 0.928, 0.346, 0.034, 0.189, 0.523, 0.0, 0.0]",2,-1.2,"[0.316, 0.929, 0.352, 0.05, 0.215, 0.517, 0.0, 0.0]",False
"[0.312, 0.928, 0.346, 0.034, 0.189, 0.523, 0.0, 0.0]",2,-1.2,"[0.316, 0.929, 0.352, 0.051, 0.215, 0.529, 0.0, 0.0]",False
"[0.343, 0.934, 0.364, 0.155, 0.311, 0.481, 0.0, 0.0]",2,-1.3,"[0.347, 0.935, 0.37, 0.169, 0.335, 0.476, 0.0, 0.0]",False
"[0.326, 0.934, 0.331, 0.13, 0.291, 0.495, 0.0, 0.0]",0,-1.3,"[0.329, 0.935, 0.331, 0.155, 0.316, 0.488, 0.0, 0.0]",False
"[0.339, 0.933, 0.378, 0.141, 0.286, 0.486, 0.0, 0.0]",1,-1.4,"[0.343, 0.934, 0.364, 0.155, 0.311, 0.481, 0.0, 0.0]",False
"[0.335, 0.932, 0.372, 0.127, 0.262, 0.491, 0.0, 0.0]",2,-1.5,"[0.339, 0.933, 0.378, 0.141, 0.286, 0.486, 0.0, 0.0]",False
"[0.322, 0.932, 0.336, 0.107, 0.266, 0.502, 0.0, 0.0]",2,-1.5,"[0.326, 0.934, 0.331, 0.13, 0.291, 0.495, 0.0, 0.0]",False
"[0.331, 0.931, 0.366, 0.113, 0.262, 0.496, 0.0, 0.0]",0,-1.6,"[0.335, 0.932, 0.372, 0.127, 0.262, 0.491, 0.0, 0.0]",False
"[0.327, 0.93, 0.36, 0.098, 0.238, 0.501, 0.0, 0.0]",2,-1.7,"[0.331, 0.931, 0.366, 0.113, 0.262, 0.496, 0.0, 0.0]",False
"[0.318, 0.93, 0.33, 0.083, 0.241, 0.509, 0.0, 0.0]",2,-1.7,"[0.322, 0.932, 0.336, 0.107, 0.266, 0.502, 0.0, 0.0]",False
"[0.323, 0.929, 0.344, 0.082, 0.264, 0.507, 0.0, 0.0]",3,-1.8,"[0.327, 0.93, 0.36, 0.098, 0.238, 0.501, 0.0, 0.0]",False
"[0.319, 0.929, 0.338, 0.067, 0.24, 0.512, 0.0, 0.0]",2,-1.9,"[0.323, 0.929, 0.344, 0.082, 0.264, 0.507, 0.0, 0.0]",False
"[0.316, 0.929, 0.341, 0.059, 0.215, 0.516, 0.0, 0.0]",1,-1.9,"[0.318, 0.93, 0.33, 0.083, 0.241, 0.509, 0.0, 0.0]",False
"[0.316, 0.928, 0.352, 0.051, 0.215, 0.518, 0.0, 0.0]",1,-2.0,"[0.319, 0.929, 0.338, 0.067, 0.24, 0.512, 0.0, 0.0]",False
"[0.312, 0.928, 0.346, 0.034, 0.189, 0.523, 0.0, 0.0]",2,-2.1,"[0.316, 0.928, 0.338, 0.062, 0.216, 0.524, 0.0, 0.0]",False
"[0.316, 0.928, 0.338, 0.062, 0.216, 0.524, 0.0, 0.0]",1,-2.1,"[0.317, 0.927, 0.319, 0.085, 0.241, 0.522, 0.0, 0.0]",False
"[0.002, -1.408, 0.044, 0.195, -1.119, -1.002, 0.0, 0.0]",2,15.2,"[0.006, -1.404, 0.038, 0.187, -1.135, -1.009, 0.0, 0.0]",False
"[1.38, -1.04, -1.035, -1.035, -1.133, -1.025, 0.0, 0.0]",2,9.8,"[1.365, -1.042, -1.032, -1.117, -1.139, -1.03, 0.0, 0.0]",False
"[1.381, -1.037, -1.048, -1.009, -1.096, -1.018, 0.0, 0.0]",1,9.5,"[1.406, -1.035, -1.051, -1.027, -1.112, -1.015, 0.0, 0.0]",False
"[1.377, -1.05, -1.005, -1.005, -1.175, -1.068, 0.0, 0.0]",2,9.5,"[1.362, -1.052, -1.002, -1.087, -1.181, -1.073, 0.0, 0.0]",False
"[1.379, -1.046, -1.019, -1.022, -1.131, -1.044, 0.0, 0.0]",3,9.2,"[1.363, -1.048, -1.016, -1.104, -1.145, -1.049, 0.0, 0.0]",False
"[1.393, -1.018, -1.071, -1.208, 0.035, -1.017, 0.0, 0.0]",3,8.7,"[1.377, -1.02, -1.068, -1.19, 0.029, -1.022, 0.0, 0.0]",False
"[1.399, -1.01, -1.093, -1.209, 0.047, -1.003, 0.0, 0.0]",2,8.4,"[1.384, -1.012, -1.09, -1.191, 0.042, -1.008, 0.0, 0.0]",False
"[0.156, -1.128, 0.241, -1.234, -2.598, -1.442, 1.0, 0.0]",2,8.2,"[0.158, -1.133, 0.232, -1.267, -2.612, -1.458, 0.0, 0.0]",False
"[1.406, -1.004, -1.11, -1.203, 0.036, -1.004, 0.0, 0.0]",3,8.1,"[1.39, -1.006, -1.107, -1.185, 0.03, -1.011, 0.0, 0.0]",False
"[0.312, -1.245, 0.198, -1.156, -2.789, -1.623, 0.0, 0.0]",0,5.8,"[0.314, -1.25, 0.198, -1.189, -2.789, -1.623, 0.0, 0.0]",False
"[0.468, -1.362, 0.155, -1.078, -2.98, -1.804, 0.0, 0.0]",3,3.1,"[0.466, -1.367, 0.17, -1.111, -2.978, -1.801, 0.0, 0.0]",False
"[1.403, -1.0, -1.0, -1.0, -1.0, 1.0, 0.0, 0.0]",2,3.1,"[1.383, -1.05, -1.05, -1.05, -1.05, 0.95, 0.0, 0.0]",False
"[1.399, -1.0, -1.0, -1.0, -1.0, 1.0, 0.0, 0.0]",2,3.1,"[1.379, -1.05, -1.05, -1.05, -1.05, 0.95, 0.0, 0.0]",False
"[1.387, -1.0, -1.0, -1.0, -1.0, 1.0, 0.0, 0.0]",2,3.1,"[1.367, -1.05, -1.05, -1.05, -1.05, 0.95, 0.0, 0.0]",False
"[1.381, -1.0, -1.0, -1.0, -1.0, 1.0, 0.0, 0.0]",2,3.1,"[1.361, -1.05, -1.05, -1.05, -1.05, 0.95, 0.0, 0.0]",False
"[1.408, -1.0, -1.0, -1.0, -1.0, 1.0, 0.0, 0.0]",1,2.1,"[1.388, -1.05, -1.05, -1.05, -1.05, 0.95, 0.0, 0.0]",False
"[1.395, -1.0, -1.0, -1.0, -1.0, 1.0, 0.0, 0.0]",1,2.1,"[1.375, -1.05, -1.05, -1.05, -1.05, 0.95, 0.0, 0.0]",False
"[1.406, -1.0, -1.0, -1.0, -1.0, 1.0, 0.0, 0.0]",3,1.9,"[1.426, -1.05, -1.05, -1.05, -1.05, 1.05, 0.0, 0.0]",False
"[1.392, -1.0, -1.0, -1.0, -1.0, 1.0, 0.0, 0.0]",3,1.9,"[1.412, -1.05, -1.05, -1.05, -1.05, 1.05, 0.0, 0.0]",False
"[0.624, -1.479, 0.112, -1.0, -3.171, -1.985, 0.0, 0.0]",2,1.4,"[0.626, -1.484, 0.145, -1.033, -3.383, -2.18, 0.0, 0.0]",False
"[-1.27, 1.02, -1.56, -1.76, 0.0, -1.08, 0.0, 0.0]",2,0.07,"[-1.3, 1.0, -1.57, -1.79, -1.0, -1.1, 1.0, 1.0]",False
"[-1.006, 0.001, -1.007, -1.089, -1.266, -1.888, 0.0, 0.0]",3,-1.03,"[-1.008, -1.0, -1.009, -1.118, -1.352, -1.837, 0.0, 0.0]",False
"[-1.008, -1.0, -1.009, -1.118, -1.352, -1.837, 0.0, 0.0]",3,-1.03,"[-1.01, -1.002, -1.012, -1.147, -1.439, -1.786, 0.0, 0.0]",False
"[-1.017, -1.006, -1.03, -1.269, -1.786, -1.59, 0.0, 0.0]",3,-1.03,"[-1.019, -1.007, -1.035, -1.301, -1.873, -1.542, 0.0, 0.0]",False
"[0.78, -1.596, 0.069, -1.078, -3.362, -2.166, 0.0, 0.0]",1,-1.2,"[0.782, -1.601, 0.042, -1.111, -3.363, -2.169, 0.0, 0.0]",False
"[-1.0, 1.2, 0.1, -1.5, 0.05, 0.02, 0.0, 0.0]",1,-1.23,"[-1.03, 1.18, -1.48, -1.52, 0.04, 0.01, 0.0, 0.0]",False
"[-1.001, 0.007, 0.003, -1.013, -1.02, -2.051, 0.0, 0.0]",1,-1.3,"[-1.002, 0.003, -1.001, -1.036, -1.099, -1.995, 0.0, 0.0]",False
"[-1.002, 0.003, -1.001, -1.036, -1.099, -1.995, 0.0, 0.0]",2,-1.3,"[-1.004, 0.002, -1.004, -1.062, -1.183, -1.941, 0.0, 0.0]",False
"[-1.004, 0.002, -1.004, -1.062, -1.183, -1.941, 0.0, 0.0]",2,-1.3,"[-1.006, 0.001, -1.007, -1.089, -1.266, -1.888, 0.0, 0.0]",False
"[-1.01, -1.002, -1.012, -1.147, -1.439, -1.786, 0.0, 0.0]",2,-1.3,"[-1.012, -1.003, -1.016, -1.177, -1.525, -1.736, 0.0, 0.0]",False
"[-1.012, -1.003, -1.016, -1.177, -1.525, -1.736, 0.0, 0.0]",1,-1.3,"[-1.013, -1.004, -1.02, -1.207, -1.612, -1.687, 0.0, 0.0]",False
"[-1.013, -1.004, -1.02, -1.207, -1.612, -1.687, 0.0, 0.0]",2,-1.3,"[-1.015, -1.005, -1.025, -1.238, -1.699, -1.638, 0.0, 0.0]",False
"[-1.015, -1.005, -1.025, -1.238, -1.699, -1.638, 0.0, 0.0]",2,-1.3,"[-1.017, -1.006, -1.03, -1.269, -1.786, -1.59, 0.0, 0.0]",False
"[-1.03, 1.18, -1.48, -1.52, 0.04, 0.01, 0.0, 0.0]",2,-1.33,"[-1.06, 1.16, -1.49, -1.55, 0.03, -1.0, 0.0, 0.0]",False
"[-1.06, 1.16, -1.49, -1.55, 0.03, -1.0, 0.0, 0.0]",3,-1.36,"[-1.09, 1.14, -1.5, -1.58, 0.04, -1.02, 0.0, 0.0]",False
"[-1.09, 1.14, -1.5, -1.58, 0.04, -1.02, 0.0, 0.0]",2,-1.43,"[-1.12, 1.12, -1.51, -1.61, 0.03, -1.04, 0.0, 0.0]",False
"[-1.12, 1.12, -1.51, -1.61, 0.03, -1.04, 0.0, 0.0]",1,-1.46,"[-1.15, 1.1, -1.52, -1.64, 0.02, -1.03, 0.0, 0.0]",False
"[-1.15, 1.1, -1.52, -1.64, 0.02, -1.03, 0.0, 0.0]",3,-1.49,"[-1.18, 1.08, -1.53, -1.67, 0.03, -1.05, 0.0, 0.0]",False
"[-1.18, 1.08, -1.53, -1.67, 0.03, -1.05, 0.0, 0.0]",2,-1.56,"[-1.21, 1.06, -1.54, -1.7, 0.02, -1.07, 0.0, 0.0]",False
"[-1.21, 1.06, -1.54, -1.7, 0.02, -1.07, 0.0, 0.0]",0,-1.59,"[-1.24, 1.04, -1.55, -1.73, 0.01, -1.06, 0.0, 0.0]",False
"[-1.24, 1.04, -1.55, -1.73, 0.01, -1.06, 0.0, 0.0]",1,-1.62,"[-1.27, 1.02, -1.56, -1.76, 0.0, -1.08, 0.0, 0.0]",False
"[-1.18, 1.11, 0.01, -1.2, 0.02, 0.005, 0.0, 0.0]",3,-3.0,"[-1.2, 1.1, 0.02, -1.16, 0.03, 0.01, 0.0, 0.0]",False
"[-1.16, 1.12, 0.0, -1.24, 0.01, 0.0, 0.0, 0.0]",3,-3.05,"[-1.18, 1.11, 0.01, -1.2, 0.02, 0.005, 0.0, 0.0]",False
"[-1.14, 1.13, 0.02, -1.28, 0.02, 0.005, 0.0, 0.0]",2,-3.1,"[-1.16, 1.12, 0.0, -1.24, 0.01, 0.0, 0.0, 0.0]",False
"[-1.12, 1.14, 0.04, -1.32, 0.03, 0.01, 0.0, 0.0]",1,-3.15,"[-1.14, 1.13, 0.02, -1.28, 0.02, 0.005, 0.0, 0.0]",False
"[-1.084, 0.246, -1.092, 0.143, -1.025, -1.392, 0.0, 0.0]",1,-3.2,"[-1.087, 0.241, -1.118, 0.165, -1.089, -1.34, 0.0, 0.0]",False
"[-1.1, 1.15, 0.06, -1.36, 0.04, 0.015, 0.0, 0.0]",2,-3.2,"[-1.12, 1.14, 0.04, -1.32, 0.03, 0.01, 0.0, 0.0]",False
"[-1.08, 1.16, 0.05, -1.4, 0.03, 0.01, 0.0, 0.0]",3,-3.25,"[-1.1, 1.15, 0.06, -1.36, 0.04, 0.015, 0.0, 0.0]",False
"[-1.087, 0.241, -1.118, 0.165, -1.089, -1.34, 0.0, 0.0]",2,-3.3,"[-1.09, 0.236, -1.144, 0.187, -1.153, -1.288, 0.0, 0.0]",False
"[-1.06, 1.17, 0.04, -1.44, 0.02, 0.005, 0.0, 0.0]",3,-3.3,"[-1.08, 1.16, 0.05, -1.4, 0.03, 0.01, 0.0, 0.0]",False
"[0.179, 0.023, -0.005, -0.001, 0.196, 0.002, 1.0, 1.0]",1,9.97,"[0.178, 0.023, -0.013, -0.002, 0.195, 0.001, 1.0, 1.0]",False
"[0.178, 0.023, -0.013, -0.002, 0.195, 0.001, 1.0, 1.0]",3,9.97,"[0.177, 0.023, -0.008, -0.001, 0.194, 0.005, 1.0, 1.0]",False
"[0.177, 0.023, -0.008, -0.001, 0.194, 0.005, 1.0, 1.0]",1,9.97,"[0.176, 0.023, -0.016, -0.003, 0.193, 0.002, 1.0, 1.0]",False
"[0.176, 0.023, -0.016, -0.003, 0.193, 0.002, 1.0, 1.0]",2,9.97,"[0.175, 0.022, -0.011, 0.002, 0.192, -0.001, 1.0, 1.0]",False
"[0.175, 0.022, -0.011, 0.002, 0.192, -0.001, 1.0, 1.0]",3,9.97,"[0.174, 0.022, -0.006, 0.001, 0.191, 0.003, 1.0, 1.0]",False
"[0.174, 0.022, -0.006, 0.001, 0.191, 0.003, 1.0, 1.0]",1,9.97,"[0.173, 0.022, -0.014, -0.001, 0.19, 0.001, 1.0, 1.0]",False
"[0.173, 0.022, -0.014, -0.001, 0.19, 0.001, 1.0, 1.0]",3,9.97,"[0.172, 0.022, -0.009, -0.002, 0.189, 0.004, 1.0, 1.0]",False
"[0.172, 0.022, -0.009, -0.002, 0.189, 0.004, 1.0, 1.0]",0,9.97,"[0.171, 0.022, -0.015, -0.003, 0.188, 0.005, 1.0, 1.0]",False
"[0.171, 0.022, -0.015, -0.003, 0.188, 0.005, 1.0, 1.0]",3,9.97,"[0.17, 0.022, -0.01, -0.002, 0.187, 0.006, 1.0, 1.0]",False
"[0.17, 0.022, -0.01, -0.002, 0.187, 0.006, 1.0, 1.0]",1,9.97,"[0.169, 0.021, -0.018, -0.004, 0.186, 0.004, 1.0, 1.0]",False
"[0.179, 0.023, 0.001, 0.0, 0.196, 0.0, 1.0, 1.0]",1,8.97,"[0.179, 0.023, -1.0, 0.0, 0.196, 0.0, 1.0, 1.0]",False
"[0.179, 0.023, -1.0, 0.0, 0.196, 0.0, 1.0, 1.0]",3,8.96,"[0.179, 0.023, -1.0, 0.0, 0.196, 0.0, 1.0, 1.0]",False
"[0.18, 0.023, -1.0, -1.0, 0.201, -1.0, 1.0, 1.0]",1,8.96,"[0.18, 0.023, -1.0, -1.0, 0.201, -1.0, 1.0, 1.0]",False
"[0.179, 0.023, -1.0, 0.0, 0.198, 0.0, 1.0, 1.0]",1,8.96,"[0.179, 0.023, -1.0, 0.0, 0.198, 0.0, 1.0, 1.0]",False
"[0.178, 0.023, -0.01, -0.001, 0.195, -0.005, 1.0, 1.0]",3,0.03,"[0.178, 0.023, -0.002, -0.0, 0.194, -0.001, 1.0, 1.0]",False
"[0.179, 0.023, 0.012, 0.006, 0.195, 0.0, 1.0, 1.0]",3,0.03,"[0.18, 0.023, 0.018, 0.007, 0.196, 0.001, 1.0, 1.0]",False
"[0.18, 0.023, 0.018, 0.007, 0.196, 0.001, 1.0, 1.0]",1,0.03,"[0.18, 0.023, 0.009, 0.006, 0.195, -0.003, 1.0, 1.0]",False
"[0.18, 0.023, 0.009, 0.006, 0.195, -0.003, 1.0, 1.0]",3,0.03,"[0.181, 0.023, 0.015, 0.007, 0.196, -0.001, 1.0, 1.0]",False
"[0.181, 0.023, 0.022, 0.007, 0.197, -0.001, 1.0, 1.0]",3,0.03,"[0.182, 0.023, 0.029, 0.008, 0.198, 0.001, 1.0, 1.0]",False
"[0.182, 0.023, 0.029, 0.008, 0.198, 0.001, 1.0, 1.0]",1,0.03,"[0.182, 0.023, 0.02, 0.008, 0.197, -0.002, 1.0, 1.0]",False
"[0.178, 0.023, -0.002, -0.0, 0.194, -0.001, 1.0, 1.0]",0,0.0,"[0.178, 0.023, 0.007, -0.001, 0.194, -0.001, 1.0, 1.0]",False
"[0.181, 0.023, 0.015, 0.007, 0.196, -0.001, 1.0, 1.0]",0,0.0,"[0.181, 0.023, 0.022, 0.007, 0.197, -0.001, 1.0, 1.0]",False
"[0.179, 0.023, -0.005, -0.0002, 0.196, -0.001, 1.0, 1.0]",1,-0.02,"[0.179, 0.023, -0.012, -0.0003, 0.195, -0.002, 1.0, 1.0]",False
"[0.179, 0.023, -0.012, -0.0003, 0.195, -0.002, 1.0, 1.0]",3,-0.03,"[0.179, 0.023, -0.008, -0.0002, 0.195, -0.001, 1.0, 1.0]",False
"[0.179, 0.023, -0.01, 0.0002, 0.194, 0.001, 1.0, 1.0]",1,-0.03,"[0.179, 0.023, -0.018, 0.0001, 0.193, -0.001, 1.0, 1.0]",False
"[0.179, 0.023, -0.018, 0.0001, 0.193, -0.001, 1.0, 1.0]",3,-0.03,"[0.179, 0.023, -0.012, -0.0001, 0.193, -0.0005, 1.0, 1.0]",False
"[0.179, 0.023, -0.012, -0.0001, 0.193, -0.0005, 1.0, 1.0]",3,-0.03,"[0.179, 0.023, -0.006, -0.0002, 0.193, -0.001, 1.0, 1.0]",False
"[0.179, 0.023, -0.006, -0.0002, 0.193, -0.001, 1.0, 1.0]",1,-0.03,"[0.179, 0.023, -0.015, -0.0003, 0.192, -0.002, 1.0, 1.0]",False
"[0.179, 0.023, -0.012, 0.0001, 0.192, 0.0005, 1.0, 1.0]",3,-0.03,"[0.179, 0.023, -0.007, -0.0001, 0.192, -0.0005, 1.0, 1.0]",False
"[0.179, 0.023, -0.003, -0.0001, 0.196, 0.0, 1.0, 1.0]",3,-0.29,"[0.179, 0.023, -0.005, -0.0002, 0.196, -0.001, 1.0, 1.0]",False
"[0.179, 0.023, -0.008, -0.0002, 0.195, -0.001, 1.0, 1.0]",2,-0.33,"[0.179, 0.023, -0.01, 0.0002, 0.194, 0.001, 1.0, 1.0]",False
"[0.179, 0.023, -0.015, -0.0003, 0.192, -0.002, 1.0, 1.0]",2,-0.33,"[0.179, 0.023, -0.012, 0.0001, 0.192, 0.0005, 1.0, 1.0]",False
"[0.179, 0.023, -2.9, -1.049, 0.194, -2.0, 1.0, 1.0]",3,-1.0,"[0.179, 0.023, -2.88, -1.054, 0.193, -1.0, 1.0, 1.0]",False
"[0.179, 0.023, -2.93, -1.042, 0.194, -2.0, 1.0, 1.0]",0,-1.1,"[0.179, 0.023, -2.9, -1.049, 0.194, -2.0, 1.0, 1.0]",False
"[0.179, 0.023, -2.97, -1.018, 0.195, -1.0, 1.0, 1.0]",0,-1.2,"[0.179, 0.023, -2.94, -1.025, 0.195, -1.0, 1.0, 1.0]",False
"[0.179, 0.023, -2.97, -1.031, 0.194, -3.0, 1.0, 1.0]",3,-1.3,"[0.179, 0.023, -2.95, -1.036, 0.194, -2.0, 1.0, 1.0]",False
"[0.179, 0.023, -3.02, -1.008, 0.195, -2.0, 1.0, 1.0]",3,-1.4,"[0.179, 0.023, -2.99, -1.012, 0.195, -1.0, 1.0, 1.0]",False
"[0.179, 0.023, -3.0, -1.0, 0.196, 0.0, 1.0, 1.0]",3,-1.5,"[0.179, 0.023, -2.98, -1.005, 0.196, 0.001, 1.0, 1.0]",False
"[0.179, 0.023, -2.98, -1.005, 0.196, 0.001, 1.0, 1.0]",1,-1.6,"[0.179, 0.023, -3.02, -1.008, 0.195, -2.0, 1.0, 1.0]",False
"[0.179, 0.023, -2.94, -1.025, 0.195, -1.0, 1.0, 1.0]",1,-1.7,"[0.179, 0.023, -2.97, -1.031, 0.194, -3.0, 1.0, 1.0]",False
"[0.179, 0.023, -2.99, -1.012, 0.195, -1.0, 1.0, 1.0]",2,-1.8,"[0.179, 0.023, -2.97, -1.018, 0.195, -1.0, 1.0, 1.0]",False
"[0.179, 0.023, -2.95, -1.036, 0.194, -2.0, 1.0, 1.0]",2,-1.9,"[0.179, 0.023, -2.93, -1.042, 0.194, -2.0, 1.0, 1.0]",False
"[0.178, 0.023, 0.007, -0.001, 0.194, -0.001, 1.0, 1.0]",2,-2.1,"[0.179, 0.023, 0.012, 0.006, 0.195, 0.0, 1.0, 1.0]",False
"[0.179, 0.023, -0.003, -0.0003, 0.196, 0.001, 1.0, 1.0]",3,-2.88,"[0.179, 0.023, -0.001, -0.0002, 0.196, 0.0005, 1.0, 1.0]",False
"[0.179, 0.023, -0.01, -0.0005, 0.195, -0.001, 1.0, 1.0]",3,-2.91,"[0.179, 0.023, -0.006, -0.0004, 0.195, -0.0006, 1.0, 1.0]",False
"[0.179, 0.023, -0.001, -0.0002, 0.196, 0.0005, 1.0, 1.0]",1,-2.95,"[0.179, 0.023, -0.01, -0.0005, 0.195, -0.001, 1.0, 1.0]",False
"[0.179, 0.023, -0.006, -0.0004, 0.195, -0.0006, 1.0, 1.0]",2,-3.0,"[0.179, 0.022, -0.012, 0.001, 0.194, -0.0015, 1.0, 1.0]",False
"[0.179, 0.022, -0.018, 0.0004, 0.192, -0.0018, 1.0, 1.0]",3,-3.0,"[0.179, 0.022, -0.012, 0.0002, 0.192, -0.001, 1.0, 1.0]",False
"[0.179, 0.022, -0.02, 0.0008, 0.193, -0.002, 1.0, 1.0]",3,-3.03,"[0.179, 0.022, -0.014, 0.0006, 0.192, -0.0012, 1.0, 1.0]",False
"[0.179, 0.022, -0.021, 0.0001, 0.191, -0.0022, 1.0, 1.0]",3,-3.04,"[0.179, 0.022, -0.015, -0.0001, 0.191, -0.0014, 1.0, 1.0]",False
"[-1.2, 0.8, 0.05, -1.1, 0.15, 0.8, 0.0, 0.0]",1,-1.02,"[-1.18, 0.78, 0.04, -1.12, 0.16, 0.85, 0.0, 0.0]",False
"[-1.18, 0.78, 0.04, -1.12, 0.16, 0.85, 0.0, 0.0]",0,-1.02,"[-1.16, 0.76, 0.03, -1.14, 0.14, 0.9, 0.0, 0.0]",False
"[-1.0, 0.5, 0.0, -1.0, 0.0, 0.0, 0.0, 0.0]",1,-1.02,"[-1.05, 0.48, -1.0, -1.02, -1.0, 0.0, 0.0, 0.0]",False
"[-1.16, 0.76, 0.03, -1.14, 0.14, 0.9, 0.0, 0.0]",2,-1.05,"[-1.14, 0.74, 0.02, -1.16, 0.12, 0.92, 0.0, 0.0]",False
"[-1.14, 0.74, 0.02, -1.16, 0.12, 0.92, 0.0, 0.0]",3,-1.08,"[-1.12, 0.72, 0.01, -1.18, 0.13, 0.95, 0.0, 0.0]",False
"[-1.12, 0.72, 0.01, -1.18, 0.13, 0.95, 0.0, 0.0]",1,-1.08,"[-1.1, 0.7, 0.0, -1.2, 0.14, 1.0, 0.0, 0.0]",False
"[-1.1, 0.7, 0.0, -1.2, 0.14, 1.0, 0.0, 0.0]",3,-1.11,"[-1.08, 0.68, -1.01, -1.18, 0.15, 1.05, 0.0, 0.0]",False
"[-1.08, 0.68, -1.01, -1.18, 0.15, 1.05, 0.0, 0.0]",2,-1.14,"[-1.06, 0.66, -1.02, -1.16, 0.16, 1.1, 0.0, 0.0]",False
"[-1.06, 0.66, -1.02, -1.16, 0.16, 1.1, 0.0, 0.0]",0,-1.14,"[-1.04, 0.64, -1.03, -1.14, 0.14, 1.15, 0.0, 0.0]",False
"[-1.04, 0.64, -1.03, -1.14, 0.14, 1.15, 0.0, 0.0]",1,-1.17,"[-1.02, 0.62, -1.04, -1.12, 0.15, 1.2, 0.0, 0.0]",False
"[-1.02, 0.62, -1.04, -1.12, 0.15, 1.2, 0.0, 0.0]",3,-1.2,"[-1.0, 0.6, -1.05, -1.1, 0.16, 1.25, 0.0, 0.0]",False
"[-1.2, 0.8, 0.05, -1.1, 0.3, 0.8, 0.0, 0.0]",1,-1.88,"[-1.18, 0.79, 0.04, -1.12, 0.31, 0.85, 0.0, 0.0]",False
"[-1.05, 0.48, -1.0, -1.02, -1.0, 0.0, 0.0, 0.0]",1,-2.08,"[-1.1, 0.46, -2.0, -1.04, -2.0, 0.0, 0.0, 0.0]",False
"[-1.24, 1.43, -1.89, -2.08, -2.37, 1.62, 0.0, 0.0]",3,-2.1,"[-1.25, 1.41, -1.82, -2.06, -2.35, 1.68, 0.0, 0.0]",False
"[-1.24, 1.35, -1.95, -2.0, -2.29, 1.86, 0.0, 0.0]",2,-2.1,"[-1.25, 1.33, -1.88, -1.98, -2.27, 1.92, 0.0, 0.0]",False
"[-1.24, 1.27, -2.01, -1.92, -2.21, 2.1, 0.0, 0.0]",2,-2.1,"[-1.25, 1.25, -1.94, -1.9, -2.19, 2.16, 0.0, 0.0]",False
"[-1.23, 1.45, 0.12, -2.1, -2.34, 1.56, 0.0, 0.0]",2,-2.2,"[-1.24, 1.43, -1.89, -2.08, -2.37, 1.62, 0.0, 0.0]",False
"[-1.23, 1.37, -2.02, -2.02, -2.31, 1.8, 0.0, 0.0]",3,-2.2,"[-1.24, 1.35, -1.95, -2.0, -2.29, 1.86, 0.0, 0.0]",False
"[-1.23, 1.29, -2.08, -1.94, -2.23, 2.04, 0.0, 0.0]",3,-2.2,"[-1.24, 1.27, -2.01, -1.92, -2.21, 2.1, 0.0, 0.0]",False
"[-1.23, 0.85, 0.12, -1.15, 0.45, 0.28, 0.0, 0.0]",3,-2.2,"[-1.23, 0.82, 0.08, -1.18, 0.47, 0.25, 0.0, 0.0]",False
"[-1.2, 0.68, -1.2, 0.3, 0.39, 0.74, 0.0, 0.0]",0,-2.22,"[-1.2, 0.66, -1.22, 0.37, 0.4, 0.71, 0.0, 0.0]",False
"[-1.19, 0.7, -1.19, 0.29, 0.38, 0.77, 0.0, 0.0]",3,-2.23,"[-1.2, 0.68, -1.2, 0.3, 0.39, 0.74, 0.0, 0.0]",False
"[-1.21, 0.72, -1.2, 0.28, 0.36, 0.73, 0.0, 0.0]",1,-2.24,"[-1.19, 0.7, -1.19, 0.29, 0.38, 0.77, 0.0, 0.0]",False
"[-1.19, 0.76, -1.17, 0.29, 0.34, 0.79, 0.0, 0.0]",3,-2.26,"[-1.2, 0.74, -1.18, 0.3, 0.35, 0.76, 0.0, 0.0]",False
"[-1.18, 0.78, -1.16, 0.28, 0.32, 0.82, 0.0, 0.0]",3,-2.27,"[-1.19, 0.76, -1.17, 0.29, 0.34, 0.79, 0.0, 0.0]",False
"[-1.18, 0.79, 0.04, -1.12, 0.31, 0.85, 0.0, 0.0]",0,-2.28,"[-1.18, 0.78, -1.16, 0.28, 0.32, 0.82, 0.0, 0.0]",False
"[-1.25, 1.41, -1.82, -2.06, -2.35, 1.68, 0.0, 0.0]",1,-2.3,"[-1.24, 1.39, -1.95, -2.04, -2.33, 1.74, 0.0, 0.0]",False
"[-1.25, 1.33, -1.88, -1.98, -2.27, 1.92, 0.0, 0.0]",1,-2.3,"[-1.24, 1.31, -2.01, -1.96, -2.25, 1.98, 0.0, 0.0]",False
"[-1.24, 1.39, -1.95, -2.04, -2.33, 1.74, 0.0, 0.0]",0,-2.4,"[-1.23, 1.37, -2.02, -2.02, -2.31, 1.8, 0.0, 0.0]",False
"[-1.24, 1.31, -2.01, -1.96, -2.25, 1.98, 0.0, 0.0]",0,-2.4,"[-1.23, 1.29, -2.08, -1.94, -2.23, 2.04, 0.0, 0.0]",False
"[-1.2, 0.8, 0.05, -1.1, 0.15, 0.2, 0.0, 0.0]",2,-2.5,"[-1.18, 0.75, 0.08, -1.15, 0.16, 0.18, 0.0, 0.0]",False
"[-1.21, 0.64, -1.23, 0.35, 0.41, 0.68, 0.0, 0.0]",3,-2.5,"[-1.22, 0.62, -1.24, 0.36, 0.42, 0.65, 0.0, 0.0]",False
"[-1.2, 0.8, 0.05, -1.0, 0.1, 0.02, 0.0, 0.0]",2,-2.5,"[-1.19, 0.78, 0.03, -1.02, 0.09, 0.01, 0.0, 0.0]",False
"[-1.2, 0.66, -1.22, 0.37, 0.4, 0.71, 0.0, 0.0]",2,-2.51,"[-1.21, 0.64, -1.23, 0.35, 0.41, 0.68, 0.0, 0.0]",False
"[-1.2, 0.74, -1.18, 0.3, 0.35, 0.76, 0.0, 0.0]",2,-2.56,"[-1.21, 0.72, -1.2, 0.28, 0.36, 0.73, 0.0, 0.0]",False
"[-1.18, 0.75, 0.08, -1.15, 0.16, 0.18, 0.0, 0.0]",3,-2.6,"[-1.16, 0.7, 0.06, -1.18, 0.17, 0.16, 0.0, 0.0]",False
"[-1.16, 0.7, 0.06, -1.18, 0.17, 0.16, 0.0, 0.0]",1,-2.7,"[-1.2, 0.65, 0.09, -1.2, 0.18, 0.14, 0.0, 0.0]",False
"[-1.234, 0.567, 0.023, -1.089, 0.892, 0.456, 0.0, 0.0]",1,-2.8,"[-1.235, 0.564, 0.018, -1.112, 0.912, 0.401, 0.0, 0.0]",False
"[-1.2, 0.65, 0.09, -1.2, 0.18, 0.14, 0.0, 0.0]",0,-2.8,"[-1.22, 0.6, 0.12, -1.22, 0.19, 0.12, 0.0, 0.0]",False
"[-1.14, 0.62, 0.05, -1.2, 0.21, 0.85, 0.0, 0.0]",3,-2.83,"[-1.13, 0.6, 0.06, -1.21, 0.22, 0.89, 0.0, 0.0]",False
"[-1.16, 0.64, 0.04, -1.19, 0.2, 0.81, 0.0, 0.0]",2,-2.86,"[-1.14, 0.62, 0.05, -1.2, 0.21, 0.85, 0.0, 0.0]",False
"[-1.16, 0.66, 0.05, -1.18, 0.19, 0.84, 0.0, 0.0]",0,-2.89,"[-1.16, 0.64, 0.04, -1.19, 0.2, 0.81, 0.0, 0.0]",False
"[-1.22, 0.6, 0.12, -1.22, 0.19, 0.12, 0.0, 0.0]",3,-2.9,"[-1.2, 0.55, 0.1, -1.25, 0.2, 0.1, 0.0, 0.0]",False
"[-1.15, 0.68, 0.06, -1.17, 0.18, 0.87, 0.0, 0.0]",1,-2.92,"[-1.16, 0.66, 0.05, -1.18, 0.19, 0.84, 0.0, 0.0]",False
"[-1.16, 0.7, 0.05, -1.16, 0.17, 0.83, 0.0, 0.0]",3,-2.95,"[-1.15, 0.68, 0.06, -1.17, 0.18, 0.87, 0.0, 0.0]",False
"[-1.18, 0.72, 0.04, -1.15, 0.16, 0.79, 0.0, 0.0]",2,-2.97,"[-1.16, 0.7, 0.05, -1.16, 0.17, 0.83, 0.0, 0.0]",False
"[-1.24, 0.79, -1.02, -1.21, 0.45, 0.23, 0.0, 0.0]",3,-3.0,"[-1.24, 0.76, -1.0, -1.24, 0.48, 0.2, 0.0, 0.0]",False
"[-1.24, 0.76, -1.0, -1.24, 0.48, 0.2, 0.0, 0.0]",3,-3.0,"[-1.25, 0.73, -1.0, -1.27, 0.51, 0.17, 0.0, 0.0]",False
"[-1.25, 0.73, -1.0, -1.27, 0.51, 0.17, 0.0, 0.0]",3,-3.0,"[-1.25, 0.7, -1.0, -1.3, 0.54, 0.14, 0.0, 0.0]",False
"[-1.19, 0.74, 0.03, -1.14, 0.15, 0.75, 0.0, 0.0]",3,-3.0,"[-1.18, 0.72, 0.04, -1.15, 0.16, 0.79, 0.0, 0.0]",False
"[-1.22, 0.44, 0.08, -1.58, 0.27, 0.91, 0.0, 1.0]",3,-1.1,"[-1.21, 0.43, 0.05, -1.59, 0.19, 0.45, 0.0, 1.0]",False
"[-1.23, 0.45, 0.12, -1.56, 0.23, 0.89, 0.0, 1.0]",2,-1.2,"[-1.22, 0.44, 0.08, -1.58, 0.27, 0.91, 0.0, 1.0]",False
"[-1.2, 1.5, 0.1, -1.8, 0.05, 0.8, 0.0, 0.0]",1,-1.28,"[-1.201, 1.498, 0.09, -1.82, 0.048, 0.81, 0.0, 0.0]",False
"[-1.201, 1.498, 0.09, -1.82, 0.048, 0.81, 0.0, 0.0]",2,-1.31,"[-1.202, 1.496, 0.07, -1.85, 0.046, 0.82, 0.0, 1.0]",False
"[-1.202, 1.496, 0.07, -1.85, 0.046, 0.82, 0.0, 1.0]",2,-1.34,"[-1.204, 1.494, 0.05, -1.88, 0.044, 0.83, 0.0, 1.0]",False
"[-1.204, 1.494, 0.05, -1.88, 0.044, 0.83, 0.0, 1.0]",3,-1.37,"[-1.205, 1.492, 0.04, -1.9, 0.042, 0.25, 0.0, 1.0]",False
"[-1.205, 1.492, 0.04, -1.9, 0.042, 0.25, 0.0, 1.0]",3,-1.4,"[-1.206, 1.49, 0.03, -1.92, 0.04, -1.2, 0.0, 1.0]",False
"[-1.1, 0.32, 0.06, -1.01, 0.28, 0.4, 0.0, 1.0]",2,-1.4,"[-1.08, 0.3, 0.03, -1.03, 0.3, 0.37, 0.0, 1.0]",False
"[-1.206, 1.49, 0.03, -1.92, 0.04, -1.2, 0.0, 1.0]",3,-1.43,"[-1.207, 1.488, 0.02, -1.94, 0.038, -1.45, 0.0, 1.0]",False
"[-1.207, 1.488, 0.02, -1.94, 0.038, -1.45, 0.0, 1.0]",2,-1.46,"[-1.209, 1.486, 0.0, -1.96, 0.036, -1.5, 0.0, 0.0]",False
"[-1.209, 1.486, 0.0, -1.96, 0.036, -1.5, 0.0, 0.0]",2,-1.49,"[-1.21, 1.484, -1.02, -1.98, 0.034, -1.52, 0.0, 0.0]",False
"[-1.11, 0.34, 0.04, -1.03, 0.27, 0.42, 0.0, 1.0]",0,-1.5,"[-1.1, 0.32, 0.06, -1.01, 0.28, 0.4, 0.0, 1.0]",False
"[-1.21, 1.484, -1.02, -1.98, 0.034, -1.52, 0.0, 0.0]",1,-1.52,"[-1.211, 1.482, -1.04, -1.99, 0.032, -1.51, 0.0, 0.0]",False
"[-1.211, 1.482, -1.04, -1.99, 0.032, -1.51, 0.0, 0.0]",1,-1.55,"[-1.212, 1.48, -1.06, -2.0, 0.03, -1.5, 1.0, 0.0]",False
"[-1.1, 0.36, 0.07, -1.02, 0.31, 0.38, 0.0, 1.0]",1,-1.6,"[-1.11, 0.34, 0.04, -1.03, 0.27, 0.42, 0.0, 1.0]",False
"[-1.12, 0.38, 0.05, -1.04, 0.28, 0.41, 0.0, 1.0]",3,-1.7,"[-1.1, 0.36, 0.07, -1.02, 0.31, 0.38, 0.0, 1.0]",False
"[-1.17, 0.44, 0.09, -1.01, 0.23, 0.45, 0.0, 1.0]",0,-1.8,"[-1.16, 0.42, 0.11, -1.0, 0.24, 0.47, 0.0, 1.0]",False
"[-1.19, 0.46, 0.06, -1.03, 0.18, 0.51, 0.0, 1.0]",3,-1.9,"[-1.17, 0.44, 0.09, -1.01, 0.23, 0.45, 0.0, 1.0]",False
"[-1.16, 0.42, 0.11, -1.0, 0.24, 0.47, 0.0, 1.0]",2,-2.0,"[-1.14, 0.4, 0.08, -1.02, 0.26, 0.44, 0.0, 1.0]",False
"[-1.18, 0.46, 0.05, -1.48, 0.14, 0.1, 0.0, 1.0]",3,-2.01,"[-1.17, 0.44, 0.03, -1.45, 0.13, 0.05, 0.0, 1.0]",False
"[-1.19, 0.48, 0.08, -1.52, 0.12, 0.15, 0.0, 0.0]",2,-2.04,"[-1.18, 0.46, 0.05, -1.48, 0.14, 0.1, 0.0, 1.0]",False
"[-1.2, 0.5, 0.1, -1.5, 0.1, 0.2, 0.0, 0.0]",1,-2.07,"[-1.19, 0.48, 0.08, -1.52, 0.12, 0.15, 0.0, 0.0]",False
"[-1.18, 0.48, 0.08, -1.02, 0.22, 0.48, 0.0, 1.0]",1,-2.1,"[-1.19, 0.46, 0.06, -1.03, 0.18, 0.51, 0.0, 1.0]",False
"[-1.14, 0.4, 0.08, -1.02, 0.26, 0.44, 0.0, 1.0]",2,-2.1,"[-1.12, 0.38, 0.05, -1.04, 0.28, 0.41, 0.0, 1.0]",False
"[-1.16, 0.46, 0.02, -1.08, 0.04, 0.0, 0.0, 1.0]",2,-2.1,"[-1.15, 0.45, 0.0, -1.1, 0.03, -1.2, 0.0, 1.0]",False
"[-1.17, 0.44, 0.03, -1.45, 0.13, 0.05, 0.0, 1.0]",0,-2.11,"[-1.16, 0.42, 0.02, -1.55, 0.15, 0.08, 0.0, 1.0]",False
"[-1.15, 0.4, -1.0, -1.6, 0.16, -2.0, 0.0, 1.0]",2,-2.13,"[-1.14, 0.38, -1.02, -1.58, 0.18, -1.95, 0.0, 1.0]",False
"[-1.12, 0.34, -1.06, -1.6, 0.22, -1.85, 1.0, 0.0]",3,-2.14,"[-1.11, 0.32, -1.08, -1.57, 0.21, -1.8, 1.0, 0.0]",False
"[-1.16, 0.42, 0.02, -1.55, 0.15, 0.08, 0.0, 1.0]",3,-2.16,"[-1.15, 0.4, -1.0, -1.6, 0.16, -2.0, 0.0, 1.0]",False
"[-1.13, 0.36, -1.04, -1.62, 0.2, -1.9, 0.0, 0.0]",2,-2.17,"[-1.12, 0.34, -1.06, -1.6, 0.22, -1.85, 1.0, 0.0]",False
"[-1.14, 0.38, -1.02, -1.58, 0.18, -1.95, 0.0, 1.0]",1,-2.19,"[-1.13, 0.36, -1.04, -1.62, 0.2, -1.9, 0.0, 0.0]",False
"[-1.2, 0.5, 0.1, -1.0, 0.2, 0.5, 0.0, 1.0]",2,-2.2,"[-1.18, 0.48, 0.08, -1.02, 0.22, 0.48, 0.0, 1.0]",False
"[-1.17, 0.47, 0.04, -1.06, 0.05, 0.05, 0.0, 1.0]",0,-2.2,"[-1.16, 0.46, 0.02, -1.08, 0.04, 0.0, 0.0, 1.0]",False
"[-1.11, 0.32, -1.08, -1.57, 0.21, -1.8, 1.0, 0.0]",0,-2.24,"[-1.1, 0.3, -1.09, -1.67, 0.23, -1.82, 1.0, 0.0]",False
"[-1.18, 0.48, 0.06, -1.04, 0.03, 0.1, 0.0, 1.0]",3,-2.3,"[-1.17, 0.47, 0.04, -1.06, 0.05, 0.05, 0.0, 1.0]",False
"[-1.19, 0.49, 0.08, -1.02, 0.04, 0.15, 0.0, 0.0]",2,-2.4,"[-1.18, 0.48, 0.06, -1.04, 0.03, 0.1, 0.0, 1.0]",False
"[-1.2, 0.5, 0.1, -1.0, 0.1, 0.5, 0.0, 1.0]",1,-2.5,"[-1.205, 0.495, 0.05, -1.02, 0.08, 0.52, 0.0, 1.0]",False
"[-1.2, 0.5, 0.1, -1.0, 0.05, 0.2, 0.0, 0.0]",1,-2.5,"[-1.19, 0.49, 0.08, -1.02, 0.04, 0.15, 0.0, 0.0]",False
"[-1.198, 0.795, 0.08, -1.48, 0.12, 0.15, 0.0, 1.0]",2,-2.8,"[-1.195, 0.79, 0.05, -1.42, 0.18, 0.1, 0.0, 0.0]",False
"[-1.01, 0.49, 0.08, 0.23, 0.28, 0.75, 0.0, 0.0]",2,-3.0,"[-1.02, 0.48, 0.05, 0.26, 0.32, 0.81, 0.0, 1.0]",False
"[-1.02, 0.48, 0.05, 0.26, 0.32, 0.81, 0.0, 1.0]",3,-3.0,"[-1.03, 0.47, 0.04, 0.25, 0.29, 0.7, 0.0, 1.0]",False
"[-1.2, 0.8, 0.1, -1.5, 0.1, 0.2, 0.0, 1.0]",1,-3.0,"[-1.198, 0.795, 0.08, -1.48, 0.12, 0.15, 0.0, 1.0]",False
"[-1.15, 0.45, 0.0, -1.1, 0.03, -1.2, 0.0, 1.0]",3,-3.0,"[-1.14, 0.44, -1.2, -1.12, 0.04, -1.4, 0.0, 1.0]",False
"[-1.0, 0.5, 0.1, 0.2, 0.3, 0.8, 0.0, 0.0]",1,-3.1,"[-1.01, 0.49, 0.08, 0.23, 0.28, 0.75, 0.0, 0.0]",False
"[-1.2, 0.5, 0.1, 0.2, 0.1, 0.3, 0.0, 0.0]",1,-3.1,"[-1.205, 0.498, -1.0, 0.18, 0.12, 0.25, 0.0, 0.0]",False
"[-1.26, 0.38, -1.68, -1.64, 0.26, -1.45, 0.0, 0.0]",2,-3.1,"[-1.27, 0.36, -1.65, -1.66, 0.32, -1.38, 0.0, 0.0]",False
"[-1.29, 0.34, -1.64, -1.68, 0.3, -1.28, 1.0, 0.0]",2,-3.1,"[-1.3, 0.32, -1.61, -1.7, 0.36, -1.21, 1.0, 0.0]",False
"[-1.205, 0.495, 0.05, -1.02, 0.08, 0.52, 0.0, 1.0]",2,-3.2,"[-1.21, 0.49, -1.0, -1.04, 0.06, 0.55, 0.0, 1.0]",False
"[-1.205, 0.498, -1.0, 0.18, 0.12, 0.25, 0.0, 0.0]",2,-3.2,"[-1.21, 0.496, -1.02, 0.15, 0.15, 0.22, 0.0, 1.0]",False
"[-1.215, 0.494, -1.04, 0.12, 0.18, 0.19, 0.0, 1.0]",3,-3.2,"[-1.22, 0.492, -1.04, 0.09, 0.17, 0.16, 0.0, 1.0]",False
"[-1.5, 0.8, 0.1, -2.0, 0.05, 0.2, 0.0, 0.0]",1,-2.07,"[-1.51, 0.792, 0.092, -2.012, 0.04, 0.25, 0.0, 0.0]",False
"[-1.51, 0.792, 0.092, -2.012, 0.04, 0.25, 0.0, 0.0]",2,-2.1,"[-1.505, 0.783, 0.12, -2.025, 0.035, 0.3, 0.0, 0.0]",False
"[-1.29, 0.71, -2.27, -2.28, 0.01, 0.24, 0.0, 0.0]",2,-2.1,"[-1.3, 0.7, -2.28, -2.3, 0.0, 0.25, 0.0, 0.0]",False
"[-1.505, 0.783, 0.12, -2.025, 0.035, 0.3, 0.0, 0.0]",0,-2.13,"[-1.502, 0.775, 0.115, -2.038, 0.03, 0.35, 0.0, 0.0]",False
"[-1.502, 0.775, 0.115, -2.038, 0.03, 0.35, 0.0, 0.0]",3,-2.16,"[-1.495, 0.766, 0.13, -2.05, 0.025, 0.4, 0.0, 0.0]",False
"[-1.495, 0.766, 0.13, -2.05, 0.025, 0.4, 0.0, 0.0]",2,-2.19,"[-1.49, 0.757, 0.16, -2.062, 0.02, 0.45, 0.0, 0.0]",False
"[-1.28, 0.72, 0.0, -2.26, 0.02, 0.23, 0.0, 0.0]",3,-2.2,"[-1.29, 0.71, -2.27, -2.28, 0.01, 0.24, 0.0, 0.0]",False
"[-1.49, 0.757, 0.16, -2.062, 0.02, 0.45, 0.0, 0.0]",1,-2.22,"[-1.492, 0.748, 0.15, -2.075, 0.015, 0.5, 0.0, 0.0]",False
"[-1.492, 0.748, 0.15, -2.075, 0.015, 0.5, 0.0, 0.0]",2,-2.25,"[-1.487, 0.739, 0.18, -2.088, 0.01, 0.55, 0.0, 0.0]",False
"[-1.487, 0.739, 0.18, -2.088, 0.01, 0.55, 0.0, 0.0]",0,-2.28,"[-1.484, 0.73, 0.175, -2.1, 0.005, 0.6, 0.0, 0.0]",False
"[-1.27, 0.73, 0.01, -2.24, 0.03, 0.22, 0.0, 0.0]",0,-2.3,"[-1.28, 0.72, 0.0, -2.26, 0.02, 0.23, 0.0, 0.0]",False
"[-1.484, 0.73, 0.175, -2.1, 0.005, 0.6, 0.0, 0.0]",3,-2.31,"[-1.477, 0.721, 0.19, -2.112, 0.0, 0.65, 0.0, 0.0]",False
"[-1.477, 0.721, 0.19, -2.112, 0.0, 0.65, 0.0, 0.0]",2,-2.34,"[-1.472, 0.712, 0.22, -2.125, -1.0, 0.7, 0.0, 0.0]",False
"[-1.26, 0.74, 0.02, -2.22, 0.04, 0.21, 0.0, 0.0]",2,-2.4,"[-1.27, 0.73, 0.01, -2.24, 0.03, 0.22, 0.0, 0.0]",False
"[-1.25, 0.75, 0.03, -2.2, 0.05, 0.2, 0.0, 0.0]",1,-2.5,"[-1.26, 0.74, 0.02, -2.22, 0.04, 0.21, 0.0, 0.0]",False
"[-1.16, 0.76, 0.07, -2.58, 0.015, 0.4, 0.0, 0.0]",2,-2.59,"[-1.155, 0.755, 0.065, -2.59, 0.01, 0.45, 0.0, 0.0]",False
"[-1.24, 0.76, 0.04, -2.18, 0.06, 0.19, 0.0, 0.0]",2,-2.6,"[-1.25, 0.75, 0.03, -2.2, 0.05, 0.2, 0.0, 0.0]",False
"[-1.155, 0.755, 0.065, -2.59, 0.01, 0.45, 0.0, 0.0]",1,-2.62,"[-1.15, 0.75, 0.06, -2.6, 0.005, 0.48, 0.0, 0.0]",False
"[-1.08, 0.71, 0.125, -1.01, 0.21, 0.31, 0.0, 0.0]",0,-2.62,"[-1.07, 0.7, 0.125, -1.0, 0.21, 0.3, 0.0, 0.0]",False
"[-1.17, 0.77, 0.08, -2.56, 0.025, 0.38, 0.0, 0.0]",2,-2.63,"[-1.165, 0.765, 0.075, -2.57, 0.02, 0.42, 0.0, 0.0]",False
"[-2.35, 1.62, 0.2, -2.1, 0.12, -1.8, 0.0, 0.0]",1,-2.64,"[-2.34, 1.59, 0.18, -2.19, 0.11, -1.72, 0.0, 0.0]",False
"[-2.33, 1.56, 0.22, -2.26, 0.15, -1.65, 0.0, 0.0]",1,-2.64,"[-2.32, 1.53, 0.19, -2.35, 0.13, -1.58, 0.0, 0.0]",False
"[-1.185, 0.785, 0.085, -2.53, 0.035, 0.28, 0.0, 0.0]",2,-2.64,"[-1.18, 0.78, 0.08, -2.54, 0.03, 0.35, 0.0, 0.0]",False
"[-1.09, 0.72, 0.13, -1.02, 0.2, 0.32, 0.0, 0.0]",3,-2.65,"[-1.08, 0.71, 0.125, -1.01, 0.21, 0.31, 0.0, 0.0]",False
"[-1.165, 0.765, 0.075, -2.57, 0.02, 0.42, 0.0, 0.0]",0,-2.66,"[-1.16, 0.76, 0.07, -2.58, 0.015, 0.4, 0.0, 0.0]",False
"[-1.18, 0.78, 0.08, -2.54, 0.03, 0.35, 0.0, 0.0]",3,-2.67,"[-1.175, 0.775, 0.085, -2.55, 0.035, 0.32, 0.0, 0.0]",False
"[-1.195, 0.795, 0.095, -2.51, 0.045, 0.25, 0.0, 0.0]",2,-2.68,"[-1.19, 0.79, 0.09, -2.52, 0.04, 0.3, 0.0, 0.0]",False
"[-1.1, 0.73, 0.135, -1.03, 0.19, 0.27, 0.0, 0.0]",1,-2.68,"[-1.09, 0.72, 0.13, -1.02, 0.2, 0.32, 0.0, 0.0]",False
"[-1.93, 0.45, 0.11, -1.13, 0.12, 0.05, 0.0, 0.0]",2,-2.7,"[-1.91, 0.44, 0.15, -1.11, 0.14, 0.04, 0.0, 0.0]",False
"[-1.9, 0.43, 0.12, -1.1, 0.13, 0.07, 0.0, 0.0]",2,-2.7,"[-1.88, 0.42, 0.16, -1.08, 0.15, 0.06, 0.0, 0.0]",False
"[-1.175, 0.775, 0.085, -2.55, 0.035, 0.32, 0.0, 0.0]",1,-2.7,"[-1.17, 0.77, 0.08, -2.56, 0.025, 0.38, 0.0, 0.0]",False
"[-1.23, 0.77, 0.05, -2.16, 0.07, 0.18, 0.0, 0.0]",3,-2.7,"[-1.24, 0.76, 0.04, -2.18, 0.06, 0.19, 0.0, 0.0]",False
"[-1.19, 0.79, 0.09, -2.52, 0.04, 0.3, 0.0, 0.0]",0,-2.71,"[-1.185, 0.785, 0.085, -2.53, 0.035, 0.28, 0.0, 0.0]",False
"[-1.12, 0.74, 0.105, -1.04, 0.17, 0.26, 0.0, 0.0]",2,-2.71,"[-1.1, 0.73, 0.135, -1.03, 0.19, 0.27, 0.0, 0.0]",False
"[-1.14, 0.75, 0.07, -1.05, 0.15, 0.27, 0.0, 0.0]",2,-2.74,"[-1.12, 0.74, 0.105, -1.04, 0.17, 0.26, 0.0, 0.0]",False
"[-1.2, 0.8, 0.1, -2.5, 0.05, 0.2, 0.0, 0.0]",1,-2.75,"[-1.195, 0.795, 0.095, -2.51, 0.045, 0.25, 0.0, 0.0]",False
"[-1.15, 0.76, 0.075, -1.06, 0.14, 0.22, 0.0, 0.0]",1,-2.77,"[-1.14, 0.75, 0.07, -1.05, 0.15, 0.27, 0.0, 0.0]",False
"[-1.22, 0.78, 0.06, -2.14, 0.08, 0.17, 0.0, 0.0]",0,-2.8,"[-1.23, 0.77, 0.05, -2.16, 0.07, 0.18, 0.0, 0.0]",False
"[-1.16, 0.77, 0.08, -1.07, 0.13, 0.23, 0.0, 0.0]",3,-2.8,"[-1.15, 0.76, 0.075, -1.06, 0.14, 0.22, 0.0, 0.0]",False
"[-1.17, 0.78, 0.08, -1.08, 0.13, 0.24, 0.0, 0.0]",0,-2.83,"[-1.16, 0.77, 0.08, -1.07, 0.13, 0.23, 0.0, 0.0]",False
"[-1.19, 0.79, 0.045, -1.09, 0.11, 0.25, 0.0, 0.0]",2,-2.86,"[-1.17, 0.78, 0.08, -1.08, 0.13, 0.24, 0.0, 0.0]",False
"[-1.0, 0.5, 0.0, -1.0, 0.0, 0.0, 0.0, 0.0]",1,-2.87,"[-1.0, 0.49, -1.0, -1.0, 0.05, 0.0, 0.0, 0.0]",False
"[-1.2, 0.8, 0.05, -1.1, 0.1, 0.2, 0.0, 0.0]",1,-2.89,"[-1.19, 0.79, 0.045, -1.09, 0.11, 0.25, 0.0, 0.0]",False
"[-1.21, 0.79, 0.04, -2.12, 0.09, 0.16, 0.0, 0.0]",2,-2.9,"[-1.22, 0.78, 0.06, -2.14, 0.08, 0.17, 0.0, 0.0]",False
"[-2.34, 1.59, 0.18, -2.19, 0.11, -1.72, 0.0, 0.0]",2,-2.93,"[-2.33, 1.56, 0.22, -2.26, 0.15, -1.65, 0.0, 0.0]",False
"[-1.99, 0.49, 0.08, -1.19, 0.09, 0.08, 0.0, 0.0]",2,-3.0,"[-1.97, 0.48, 0.12, -1.17, 0.11, 0.07, 0.0, 0.0]",False
"[-1.97, 0.48, 0.12, -1.17, 0.11, 0.07, 0.0, 0.0]",1,-3.0,"[-1.96, 0.47, 0.09, -1.16, 0.1, 0.1, 0.0, 0.0]",False
"[-1.96, 0.47, 0.09, -1.16, 0.1, 0.1, 0.0, 0.0]",0,-3.0,"[-1.95, 0.46, 0.09, -1.15, 0.1, 0.07, 0.0, 0.0]",False
"[-1.91, 0.44, 0.15, -1.11, 0.14, 0.04, 0.0, 0.0]",1,-3.0,"[-1.9, 0.43, 0.12, -1.1, 0.13, 0.07, 0.0, 0.0]",False
"[-1.88, 0.42, 0.16, -1.08, 0.15, 0.06, 0.0, 0.0]",0,-3.0,"[-1.87, 0.41, 0.16, -1.07, 0.15, 0.03, 0.0, 0.0]",False
"[0.087, 1.203, 0.078, -1.198, -6.03, -10.2, 0.0, 0.0]",2,-1.21,"[0.086, 1.199, 0.091, -1.202, -6.06, -12.24, 0.0, 0.0]",False
"[0.088, 1.207, 0.065, -1.194, -6.0, -8.16, 0.0, 0.0]",3,-1.23,"[0.087, 1.203, 0.078, -1.198, -6.03, -10.2, 0.0, 0.0]",False
"[0.089, 1.211, 0.051, -1.19, -5.97, -6.12, 0.0, 0.0]",2,-1.25,"[0.088, 1.207, 0.065, -1.194, -6.0, -8.16, 0.0, 0.0]",False
"[0.091, 1.219, 0.045, -1.182, -5.91, -2.04, 0.0, 0.0]",2,-1.27,"[0.09, 1.215, 0.058, -1.186, -5.94, -4.08, 0.0, 0.0]",False
"[0.09, 1.215, 0.058, -1.186, -5.94, -4.08, 0.0, 0.0]",1,-1.28,"[0.089, 1.211, 0.051, -1.19, -5.97, -6.12, 0.0, 0.0]",False
"[0.092, 1.223, 0.032, -1.178, -5.88, 0.0, 0.0, 0.0]",3,-1.29,"[0.091, 1.219, 0.045, -1.182, -5.91, -2.04, 0.0, 0.0]",False
"[0.093, 1.227, 0.018, -1.174, -5.85, 0.04, 0.0, 0.0]",2,-1.31,"[0.092, 1.223, 0.032, -1.178, -5.88, 0.0, 0.0, 0.0]",False
"[0.095, 1.233, 0.012, -1.165, -5.79, 0.12, 0.0, 0.0]",2,-1.33,"[0.094, 1.23, 0.025, -1.17, -5.82, 0.08, 0.0, 0.0]",False
"[0.094, 1.23, 0.025, -1.17, -5.82, 0.08, 0.0, 0.0]",1,-1.34,"[0.093, 1.227, 0.018, -1.174, -5.85, 0.04, 0.0, 0.0]",False
"[0.096, 1.237, 0.001, -1.162, -5.76, 0.16, 0.0, 0.0]",3,-1.35,"[0.095, 1.233, 0.012, -1.165, -5.79, 0.12, 0.0, 0.0]",False
"[0.093, 1.228, -1.011, -1.231, -5.576, 0.154, 0.0, 0.0]",3,-2.03,"[0.092, 1.225, -1.007, -1.254, -5.576, 0.119, 0.0, 0.0]",False
"[0.092, 1.225, -1.007, -1.254, -5.576, 0.119, 0.0, 0.0]",3,-2.03,"[0.09, 1.222, -1.001, -1.277, -5.576, 0.084, 0.0, 0.0]",False
"[0.087, 1.21, -1.022, -1.369, -5.576, 0.246, 0.0, 0.0]",3,-2.03,"[0.086, 1.207, -1.018, -1.392, -5.576, 0.211, 0.0, 0.0]",False
"[0.096, 1.237, 0.001, -1.62, -5.76, 0.16, 0.0, 0.0]",3,-2.1,"[0.096, 1.232, 0.008, -1.65, -5.75, 0.11, 0.0, 0.0]",False
"[0.096, 1.237, 0.001, -1.62, -5.76, 0.16, 0.0, 0.0]",2,-2.1,"[0.095, 1.237, 0.008, -1.64, -5.77, 0.12, 0.0, 0.0]",False
"[0.095, 1.237, 0.008, -1.64, -5.77, 0.12, 0.0, 0.0]",3,-2.1,"[0.094, 1.238, 0.002, -1.66, -5.78, 0.08, 0.0, 0.0]",False
"[0.096, 1.232, 0.008, -1.65, -5.75, 0.11, 0.0, 0.0]",2,-2.15,"[0.095, 1.227, 0.012, -1.68, -5.74, 0.08, 0.0, 0.0]",False
"[0.095, 1.227, 0.012, -1.68, -5.74, 0.08, 0.0, 0.0]",1,-2.2,"[0.095, 1.222, 0.004, -1.71, -5.73, 0.02, 0.0, 0.0]",False
"[0.095, 1.222, 0.004, -1.71, -5.73, 0.02, 0.0, 0.0]",2,-2.25,"[0.094, 1.216, 0.009, -1.74, -5.72, -10, 0.0, 0.0]",False
"[0.094, 1.216, 0.009, -1.74, -5.72, -10, 0.0, 0.0]",3,-2.3,"[0.094, 1.21, 0.018, -1.77, -5.71, -15, 0.0, 0.0]",False
"[0.096, 1.237, 0.001, -1.162, -5.576, 0.016, 0.0, 0.0]",1,-2.3,"[0.096, 1.234, -1.004, -1.185, -5.576, 0.062, 0.0, 0.0]",False
"[0.096, 1.234, -1.004, -1.185, -5.576, 0.062, 0.0, 0.0]",2,-2.3,"[0.095, 1.231, -1.008, -1.208, -5.576, 0.108, 0.0, 0.0]",False
"[0.095, 1.231, -1.008, -1.208, -5.576, 0.108, 0.0, 0.0]",2,-2.3,"[0.093, 1.228, -1.011, -1.231, -5.576, 0.154, 0.0, 0.0]",False
"[0.09, 1.222, -1.001, -1.277, -5.576, 0.084, 0.0, 0.0]",2,-2.3,"[0.089, 1.219, -1.005, -1.3, -5.576, 0.13, 0.0, 0.0]",False
"[0.089, 1.219, -1.005, -1.3, -5.576, 0.13, 0.0, 0.0]",1,-2.3,"[0.089, 1.216, -1.011, -1.323, -5.576, 0.165, 0.0, 0.0]",False
"[0.089, 1.216, -1.011, -1.323, -5.576, 0.165, 0.0, 0.0]",1,-2.3,"[0.088, 1.213, -1.018, -1.346, -5.576, 0.2, 0.0, 0.0]",False
"[0.088, 1.213, -1.018, -1.346, -5.576, 0.2, 0.0, 0.0]",2,-2.3,"[0.087, 1.21, -1.022, -1.369, -5.576, 0.246, 0.0, 0.0]",False
"[0.094, 1.21, 0.018, -1.77, -5.71, -15, 0.0, 0.0]",2,-2.35,"[0.093, 1.203, 0.022, -1.8, -5.7, -20, 0.0, 0.0]",False
"[0.093, 1.203, 0.022, -1.8, -5.7, -20, 0.0, 0.0]",1,-2.4,"[0.093, 1.196, 0.013, -1.83, -5.69, -25, 0.0, 0.0]",False
"[0.093, 1.196, 0.013, -1.83, -5.69, -25, 0.0, 0.0]",2,-2.45,"[0.092, 1.189, 0.018, -1.86, -5.68, -30, 0.0, 0.0]",False
"[0.096, 1.237, 0.001, -1.162, -5.76, 0.16, 0.0, 0.0]",3,-2.5,"[0.097, 1.233, 0.008, -1.18, -5.75, 0.02, 0.0, 0.0]",False
"[0.092, 1.189, 0.018, -1.86, -5.68, -30, 0.0, 0.0]",3,-2.5,"[0.092, 1.181, 0.028, -1.89, -5.67, -35, 0.0, 0.0]",False
"[0.094, 1.238, 0.002, -1.66, -5.78, 0.08, 0.0, 0.0]",1,-2.5,"[0.093, 1.238, -1.005, -1.68, -5.76, 0.04, 0.0, 0.0]",False
"[0.093, 1.238, -1.005, -1.68, -5.76, 0.04, 0.0, 0.0]",2,-2.5,"[0.092, 1.239, -1.012, -1.7, -5.77, -1.02, 0.0, 0.0]",False
"[0.092, 1.239, -1.012, -1.7, -5.77, -1.02, 0.0, 0.0]",3,-2.5,"[0.091, 1.24, -1.006, -1.72, -5.78, -1.06, 0.0, 0.0]",False
"[0.091, 1.24, -1.006, -1.72, -5.78, -1.06, 0.0, 0.0]",1,-2.5,"[0.09, 1.24, -1.021, -1.74, -5.76, -1.1, 0.0, 0.0]",False
"[0.09, 1.24, -1.021, -1.74, -5.76, -1.1, 0.0, 0.0]",2,-2.5,"[0.089, 1.241, -1.028, -1.76, -5.77, -2.08, 0.0, 0.0]",False
"[0.089, 1.241, -1.028, -1.76, -5.77, -2.08, 0.0, 0.0]",3,-2.5,"[0.088, 1.242, -1.022, -1.78, -5.78, -3.06, 0.0, 0.0]",False
"[0.088, 1.242, -1.022, -1.78, -5.78, -3.06, 0.0, 0.0]",1,-2.5,"[0.087, 1.242, -1.037, -1.8, -5.76, -4.04, 0.0, 0.0]",False
"[0.087, 1.242, -1.037, -1.8, -5.76, -4.04, 0.0, 0.0]",2,-2.5,"[0.086, 1.243, -1.044, -1.82, -5.77, -5.02, 0.0, 0.0]",False
"[0.092, 1.181, 0.028, -1.89, -5.67, -35, 0.0, 0.0]",2,-2.55,"[0.091, 1.173, 0.033, -1.92, -5.66, -40, 0.0, 0.0]",False
"[0.097, 1.233, 0.008, -1.18, -5.75, 0.02, 0.0, 0.0]",2,-2.7,"[0.098, 1.229, 0.012, -1.195, -5.74, -2.1, 0.0, 0.0]",False
"[0.098, 1.229, 0.012, -1.195, -5.74, -2.1, 0.0, 0.0]",2,-3.0,"[0.1, 1.224, 0.019, -1.21, -5.72, -4.2, 0.0, 0.0]",False
"[0.096, 1.237, 0.001, -3.162, -2.576, 0.016, 0.0, 0.0]",1,-3.03,"[0.095, 1.234, -2.003, -3.18, -2.57, 0.06, 0.0, 0.0]",False
"[0.096, 1.237, 0.001, -1.162, -5.76, 0.016, 0.0, 0.0]",1,-3.1,"[0.096, 1.233, -4.0, -1.185, -5.76, 0.052, 0.0, 0.0]",False
"[0.096, 1.237, 0.001, -1.62, -5.76, 0.16, 0.0, 0.0]",1,-3.1,"[0.095, 1.233, -3.0, -1.64, -5.76, 0.2, 0.0, 0.0]",False
"[0.1, 1.224, 0.019, -1.21, -5.72, -4.2, 0.0, 0.0]",1,-3.2,"[0.101, 1.22, 0.013, -1.225, -5.69, -6.3, 0.0, 0.0]",False
"[0.096, 1.233, -4.0, -1.185, -5.76, 0.052, 0.0, 0.0]",2,-3.3,"[0.095, 1.229, -3.98, -1.209, -5.76, 0.088, 0.0, 0.0]",False
"[0.093, 1.235, -2.005, -3.199, -2.56, 0.089, 0.0, 0.0]",3,-3.32,"[0.091, 1.236, -1.992, -3.217, -2.55, 0.118, 0.0, 0.0]",False
"[0.095, 1.234, -2.003, -3.18, -2.57, 0.06, 0.0, 0.0]",2,-3.33,"[0.093, 1.235, -2.005, -3.199, -2.56, 0.089, 0.0, 0.0]",False
